,u1,u2
0,0.09760560198585036,0.04080595190487085
1,-0.6084396376896174,0.18679167667268884
2,0.574732451742094,-0.677678818342822
3,-0.9186043168157346,-0.35526667236053244
4,-0.1682005571811058,-0.17628769313044854
5,1.031831699371834,0.2369419737194742
6,-0.25663920193967027,-0.3103366524276032
7,0.4020964925207372,0.21787052498757764
8,0.5064588300639308,-0.25088567642817844
9,0.446398379106418,-0.2980812342383638
10,-0.21853064982143292,0.136200710564095
11,-0.3123170278296189,-0.15912325941857755
12,0.15150201896337484,-0.1987311956463057
13,-0.9242440535017619,-0.31956881503818774
14,0.4358935767644413,0.3821198915170359
15,0.29059356986478113,-0.22639845311232162
16,0.4017705984875169,-0.12474570893335345
17,0.18244756759810032,0.08335015077184987
18,-0.10175085051965359,0.2862369356202759
19,0.06917449183876337,-0.16145286733369513
20,0.4282785648548815,0.07251602997245199
21,-0.032897625121270084,-0.31029788309960743
22,-1.1904328411343037,0.20576577353087822
23,-0.02005104768181303,-0.039500045877439126
24,0.3837458664693407,0.054942909606771506
25,0.6474618234056356,-0.10808965908371718
26,-0.1996483640315622,0.05408634253767859
27,-0.17555131476273703,-0.18503592340809763
28,-0.4902703941300907,-0.07969057144987284
29,-0.01940800079942752,0.008779721626408873
30,0.43746438682040967,-0.019081862290656566
31,-0.6690803976944056,-0.19152599396425343
32,-0.0010582558393482256,0.2106842367903589
33,0.5254083712642758,-0.3593529933918838
34,0.05273108999549336,-0.21641239226260892
35,0.0360920980868777,-0.10756889205618936
36,0.27472966200702903,0.14447236009155037
37,0.32756152566998475,0.1428132422102688
38,0.26880974503850674,0.1771321064390319
39,0.7349049459789134,-0.1531321033776088
40,0.5021196576940907,0.11139508876722196
41,-0.4287379203208024,-0.485917989967416
42,0.18777399996753025,-0.25608638478138857
43,-0.1036725046600163,-0.2553231044207498
44,-0.1337543759320656,-0.040449390557305995
45,-0.17010826274512628,0.1757986018429039
46,-0.049736359042229256,0.1173718076476054
47,-0.5645869004254357,-0.19614298594579327
48,-0.569313102379372,-0.496041741760856
49,0.350736933731209,-0.13772754353637942
50,-0.7806758394198005,0.6207061018171148
51,0.3281107184286703,-0.5650584961114781
52,0.0082685105643404,-0.03971074129572228
53,0.131015800487696,0.18297824895257286
54,-0.13838506432540063,-0.16080320903858097
55,0.40289175517061915,-0.1739028357782334
56,0.3581474350725449,0.29132403925268113
57,0.409687498115641,-0.1409053296579774
58,-0.4204101718338615,-0.3724350180489756
59,0.6525482324280012,-0.2732905763001188
60,-1.1030340888382335,0.6216009612209618
61,-0.09386580732782948,-0.4380160025787482
62,0.5246397670946022,-0.13951355045888747
63,-0.11111270815187005,-0.060030416456792114
64,0.43781048676748874,-0.5716348464327933
65,-0.2830405899421942,0.5952646885876535
66,0.18975763105249302,-0.2950988931695589
67,0.24427963532625516,-0.2709242064434767
68,0.3882076513168226,0.04967943694827316
69,0.2713500073399856,-0.21653186564692717
70,0.13172970464559247,0.0998185984921448
71,0.48440791239857556,-0.24781406224718636
72,0.26220359323712955,0.07649267354041552
73,0.06597312156908172,-0.41263380925019433
74,-0.47749363649238097,0.19275463267248305
75,0.32889967107676615,-0.3388791383977763
76,-0.5679809957867533,-0.3247647731882323
77,-0.4565539063015629,0.12045718365356238
78,0.5188988417309407,0.2304503426070575
79,0.14093886874486797,0.269932840682854
80,0.7310907031633843,0.05352601823544022
81,0.16673853852864415,0.07392308752472297
82,-0.03104824795179777,-0.13743226842030415
83,0.28463873215424823,-0.33830575617556785
84,0.5670450946225402,0.20370993473447385
85,0.11544017851325296,-0.3290327902300013
86,0.4719693545289139,-0.19856612783698457
87,0.3713290063581139,0.17185577329993956
88,0.05212394210116559,-0.13482111479974523
89,-0.23903645465861348,-0.06694656606944242
90,-0.03396934653507677,0.0259638298480384
91,1.1941995097006515,0.32739384035263747
92,-0.13413894491929124,-0.08334510966951254
93,0.1558915388182469,0.00985027213986614
94,0.13306210377229488,-0.09357597970069613
95,0.6191135459942392,-0.6535894926612441
96,0.031068201586409164,-0.08814512345488945
97,0.2383209949515534,-0.3405266546396585
98,1.068743313410824,0.13455816788254707
99,0.4176041506312174,-0.21197655430833243
100,1.0010310099557087,-0.34323261090115376
101,0.20919536429766408,0.04224985427547444
102,0.5646275494729459,-0.19818399527192854
103,0.5872575897919955,0.09950086161323958
104,-0.2421498794602208,-0.20228680588337536
105,-0.4043319379228628,-0.16806317629032358
106,0.1791743474804063,0.18644309993281136
107,0.013702169191000084,-0.3456425996202101
108,-0.3102114557756517,-0.1369081929520005
109,-0.47488726661180536,0.10891293625631938
110,0.6037381470589912,-0.23162648782063266
111,-0.207727849550083,-0.1612998975901258
112,-0.08628295763524857,-0.6520074408399287
113,-0.28734019384836174,0.025883935335545664
114,0.20625441608592107,0.00565684582041544
115,0.11825446279995412,0.19207516887551448
116,-0.029143309090994288,0.22389940894728108
117,-0.7976714751184049,-0.6110680233309459
118,0.31245627868610815,-0.26274735415032346
119,0.18958577210225305,-0.13195246808452168
120,0.02973956090346646,0.1110171500363648
121,-0.062435146184292835,-0.49036794498216685
122,-0.2761404022563033,-0.18076528358525318
123,0.10229154903006937,-0.20112939756533593
124,0.25743738130133925,-0.10941892289384762
125,-0.36731168050362667,0.39789566593285497
126,0.04596222999122863,-0.2086718554610944
127,0.24355572194325978,0.3387876527823513
128,0.04801867105235531,0.3547960889484282
129,-0.11468067789018081,0.06972494072080307
130,-0.7176907804464712,-0.3146443479696055
131,0.20658241936558047,0.055255612214231045
132,-0.3156604767660117,0.014094453740291153
133,0.27346169459871383,-0.024425161122814888
134,-0.17328900289614566,-0.2607391196693326
135,-0.3711449672965636,0.21859365787754217
136,-0.25167271524548146,0.13855275050846874
137,0.9895014735411555,0.4578447001632923
138,0.39813070063257355,-0.017878581563273866
139,0.5753925819559945,-0.0362663124686198
140,0.24663180541273225,0.015592524522754813
141,0.37837202701771744,0.06441809785076279
142,0.34924686056993154,0.1872553788946723
143,0.2895355926398014,-0.585658192514262
144,-0.06760020882962894,0.050369572504077705
145,0.5279273563564038,-0.24252539461166298
146,0.5835622024902799,0.08836243504941002
147,0.11050564291503774,0.18983096039250744
148,0.28533045528588535,0.12348128881406874
149,-0.4266840049042383,-0.0687966852245904
150,-0.3420830021079235,-0.46002253013023353
151,0.25872253119122296,0.20076147199853966
152,-0.2892143783055193,-0.1653758768340299
153,0.28924114946449087,0.1272195721221778
154,-0.03131298772028749,-0.0430408659275722
155,0.15167345163831422,-0.19373389951535444
156,0.6164848241145547,-0.4475120367029431
157,0.04327989552586431,-0.5283882172418236
158,0.40961819649528464,-0.29596333177087975
159,0.010929712546375031,-0.30908197607515436
160,0.11339900772796925,0.03407803091553127
161,-0.4904647877287747,-0.46970492042639084
162,0.5437520554817507,-0.19065482202208942
163,0.48182918368935573,-0.14427190028336748
164,-0.1994214639420406,-0.0163100419083759
165,0.6376970047688215,-0.44878462750108833
166,-0.4276537877026866,-0.6428967562690289
167,-0.9248281097869165,-0.05858848232351238
168,0.1353985046300497,0.14875333610991479
169,0.049964453685567074,0.0633374982382086
170,-0.2250018601459103,0.15823069994965713
171,0.247563097367636,-0.5350307606333531
172,-0.6232742033616092,-0.12214758607387824
173,0.27708676343646466,-0.16942493048705726
174,0.2671367849962706,-0.0348547141730636
175,0.7064177609456623,0.5075995285689158
176,-0.019385597837498453,0.14927151308769987
177,-0.43737626790352474,-0.046773068512085535
178,-0.4531361915727065,0.24696613187510455
179,0.4272370949638618,0.21772168631254443
180,-0.025273931245227938,-0.05233750675878158
181,0.3791857344806439,0.27129555916710096
182,-0.08999080990609709,0.2765146170374049
183,-0.14491414160771213,0.19365115794547397
184,0.14877581878612434,-0.23718734188578716
185,0.9328916283735201,-0.08405627418847701
186,0.31753951635852956,0.21251036105536958
187,0.462235674261318,-0.17318626780453783
188,0.349410134303187,0.10615533872935903
189,-0.6324111045176466,0.10326233427437825
190,-0.18372124506345106,0.5493346551159612
191,-0.3284392076401678,-0.26945141066617967
192,0.7975403170678746,-0.16376151276740686
193,-0.0018910146740411201,-0.12114801554783594
194,-0.019164853060399206,-0.1855127504629079
195,-0.691581231118899,0.00963071534256595
196,-0.1957589857025043,0.2507878392753
197,-0.600406779050282,0.3550419055746669
198,0.22994571013939344,-0.3874293525280854
199,-0.6958876094564729,-0.23431459088048348
200,0.07360770798160761,0.35281126221312026
201,0.4134609888159842,0.07622275527224608
202,0.6041690795255029,-0.039032651876433164
203,-0.3970391313706258,0.4565789767560247
204,0.24325553635515368,-0.11689026541681825
205,0.23775449245611485,0.07677116284029409
206,0.2005916954380451,0.013875064546206534
207,0.11724671806658556,-0.1423330681485439
208,0.7723385876306372,-0.10842976958980105
209,-0.18250242750529988,-0.005443092994666679
210,0.48666035533097163,-0.0657596262291163
211,0.13905668178134223,0.07298843320982731
212,-0.09683310047797551,-0.18855289245079038
213,-0.027911646974846858,0.5316079439421014
214,0.24208918745001357,-0.19118426452986706
215,0.25567006233132994,-0.17281556954611219
216,-0.3429774286658307,0.06914123408477552
217,0.018561745551658047,-0.2128820798747184
218,-0.39890769369144624,0.035147573891096164
219,-0.6042155080391516,-0.41973944752297104
220,0.3536765375611639,-0.5081297590230999
221,-0.30934130956819594,0.24215382415627915
222,-0.44289142551028376,0.16616377187245815
223,0.5291911260272432,0.2532337518637969
224,-0.2754216457639516,0.27024897186450464
225,0.06502440144535085,-0.19123332285546032
226,-0.001985819598678067,0.32383949198007345
227,0.20014197796875638,-0.016947609865142536
228,0.44438008957161074,-0.07945424501130967
229,0.09168253485581297,0.06399245643054786
230,-1.1382208245671683,0.3423885624498745
231,-0.03975931046314772,-0.46205678657630506
232,0.5259259847524053,0.38149653432913494
233,0.49474124818865517,-0.18616648246885087
234,0.46474564216527087,-0.09014645073441528
235,-0.10974573358141324,-0.03523791793556898
236,0.21858512918386105,-0.08230761918194394
237,-0.2690228776265313,-0.44783701644668883
238,0.3568391888268026,-0.19253006435990244
239,0.642033909019041,0.045821585527842594
240,0.14194174000952886,-0.1380187950205292
241,-0.053291301904135134,-0.007069343700405413
242,0.35667138888737127,0.5562460676875807
243,0.22052655587678094,-0.018443790014193443
244,0.38149054317963477,-0.06808440178649847
245,0.03770148958173572,-0.18058577654101407
246,0.10908929747480864,-0.44741323457031285
247,0.12139546635648123,0.010490965682463748
248,-0.4158109438689536,-0.740712551612833
249,0.29087570521541356,0.7764356561087257
250,-0.16548882439366272,-0.04263041778294013
251,-0.21510958879814263,-0.1398644332208534
252,-0.14727666951407536,0.19300094642128846
253,0.83315832179744,-0.36543534502918806
254,-0.7275513334816239,-0.22317576687428708
255,0.1263884329309889,-0.2343941477421774
256,0.21754929173548568,-0.5431192405408637
257,0.7611029350821409,-0.514704658570263
258,-0.8016734116748665,-0.2394418062118579
259,-0.4659985154827775,0.40570846036833974
260,0.44645668948788136,0.29785718866856614
261,-0.1180800489573589,0.1657031609626537
262,0.221413808419986,0.13282750187383535
263,-0.3706895324437098,0.2417109184322291
264,0.44720853030185886,-0.08396592324965725
265,0.40558270588227424,0.08974223010119617
266,-0.5768996872447499,-0.048889405119983145
267,0.2674218989590571,-0.33667828149670587
268,0.2403224226792667,-0.3453940110898496
269,0.5655981459257471,0.06915276317478457
270,0.3263749923378847,0.48255359650190216
271,-0.4634349473634733,-0.008770056717332235
272,-0.10121349057984723,-0.16446607090237658
273,0.5527521599383597,0.055785367684154985
274,0.35656390231048435,-0.031175345895331236
275,0.2280247575011553,0.17361078207750627
276,-0.20112363673632558,0.015499152816164104
277,0.25829734329385645,-0.06576689484848244
278,0.0017639872238111992,-0.15790596958506894
279,0.26195676009936464,-0.026076271279243064
280,-0.4737980793964161,0.2688764869733756
281,0.5212671881879517,0.08293330544504118
282,0.2145032859190531,-0.23663077900455595
283,-0.32291946346819345,0.38221485372705843
284,-0.1600408396287252,0.8999505880802199
285,-0.23596510568246354,0.18275749554122456
286,-0.17012253856976456,-0.3414721761218281
287,0.2343278220431214,-0.04575675307774819
288,-0.2893945734178318,0.0019402953025907026
289,0.024437179210888955,0.3245668264478449
290,-0.2760071256069789,0.05100595542386647
291,-0.013929070251152507,0.0870560768269695
292,0.4246815740167208,-0.44715101381562683
293,-0.12156018950908494,0.17589995082777768
294,0.16198825479031467,0.6796201833567007
295,-0.810786931861698,0.30718345459415763
296,0.24087916370515483,0.07137507401753884
297,-0.5010981038563147,-0.024389090073870925
298,-0.15247974757053662,-0.11531702564809641
299,-0.13977657546373112,-0.07174309699859645
300,-0.007356540603431058,0.15588771533118337
301,0.6173028547263487,0.3372177437743567
302,0.6316722896759909,0.11150319722480648
303,-0.23531748775782083,-0.04279119643950437
304,-0.3807680683940652,-0.1137033518027502
305,-0.10727284411668157,0.5150004283419791
306,-0.20913593986041112,-0.19295188488003842
307,0.2950390152568707,0.005953774195778711
308,-0.09712431469701352,-0.25330630291693307
309,0.4258638209043239,-0.1527799518893074
310,-0.49141769031433674,-0.022922770281902392
311,0.045558428094020914,0.19552511815078916
312,0.008856184686609626,0.032600855992491844
313,0.1613476969477584,0.20712334343033814
314,-0.13914050947192622,0.03187158217259363
315,0.14765323708944514,-0.03417892527620709
316,0.5167283514405037,0.13281634416799143
317,-0.09465484768480656,-0.16196752442280915
318,-0.7344447829080806,-0.07038061538665472
319,0.0013658013959345332,0.6463804500376631
320,0.4797659160749653,0.017478273226507326
321,-0.5429837938274292,-0.24779653723535644
322,-0.2908596331203824,0.3866365272582639
323,0.3748336500804245,0.24714895103145748
324,0.21093700065648474,-0.4055018093362251
325,0.044267485702255076,0.6493332977571119
326,0.6165197780070365,0.39989344050891873
327,0.6237565413084152,0.03206985307552043
328,-0.3222936713304622,-0.25216612724923015
329,-0.2650523910810786,0.08540570675415045
330,0.6002184934825422,0.05565077741239191
331,-1.1920292501824117,-0.1119868839364507
332,0.050491659003704094,-0.07249360838730215
333,-0.2090557896629122,-0.332797277698493
334,0.6336435955979314,-0.17376682407506963
335,0.4725755398504528,-0.04515923869654622
336,-0.2449877988109768,0.040188449141563436
337,0.33268463235313933,-0.18916606678194628
338,-0.2401300419619407,-0.310455309619758
339,-0.6509905282544526,0.20604709285347997
340,-0.20329788507414256,-0.7419329367719916
341,-0.20552396719582247,-0.01996038594349436
342,0.3256745948936374,-0.10993558161905911
343,0.22098201335051934,-0.5158093618508391
344,0.0760366406207484,0.2704922381213657
345,0.39377597464036146,-0.2296031131418479
346,-0.44966169055346344,0.0771347629604856
347,0.2873878244057594,0.38274527940641023
348,-0.7227021822154107,0.06510004427471078
349,0.3159826077514736,0.8189424528571893
350,0.19546168610220846,-0.2274804416606972
351,0.5217302501520711,0.04664312229018357
352,0.4268086062893971,0.03387034073070851
353,-0.05496282852042418,0.08700611752050276
354,-0.43060346585986853,-0.1557439155216022
355,-0.12760786452830164,-0.3951234988375312
356,0.36690698390811155,-0.21704075942015139
357,0.3545427893498899,-0.16793242146685472
358,0.46684529317076534,-0.1367446169634342
359,0.24782673746419379,0.12079713110068312
360,0.015083066488103751,0.13680432680421217
361,-0.48840761739784927,-0.011185955370652667
362,-0.32871205203646425,0.2230111406471141
363,-0.11915444310820451,0.021645690109182505
364,-0.5562912647700107,-0.29076819110397184
365,-0.16945295957183362,-0.015035808957906693
366,-0.42506292508931465,0.1850585706374661
367,-0.3143244375602575,-0.24833899081944796
368,0.04616376255486479,-0.11540768404929476
369,0.1355444000007749,0.3973507166553287
370,-0.06659587903496482,-0.14679670500901115
371,-0.3610903536632758,-0.4794523804651042
372,-0.06817037159444043,-0.08620675307441585
373,0.42669166801040725,-0.3140343658745205
374,0.221017821021671,-0.09397322561932246
375,0.4652342456327327,-0.12427007288246032
376,0.7464579639543341,0.6387745243801901
377,0.36698803440608335,0.24624208123418242
378,0.29209404108811254,0.7011896686414443
379,0.8678837798147465,-0.056942120399000755
380,-0.08055144887559296,0.25721167185818744
381,-0.1046244165566425,-0.13055328049147372
382,-0.7118703789233868,-0.23580770792303016
383,0.013266846543895629,0.10122175419517006
384,0.5465317646115797,-0.08987789426708266
385,0.33295256273369345,-0.03198748508139696
386,-0.41448431311376605,-0.40275758586790517
387,-0.5452782538724651,0.20212596527697044
388,0.3543956071856634,-0.5008850064701228
389,0.1847325355537119,0.14373089777247103
390,0.13929370952599954,-0.22536327276329432
391,0.4171305094657928,-0.2246030228378639
392,-0.22231440503092578,-0.37660389392263904
393,0.5741487866921111,-0.8457356227809084
394,-0.2805363913477603,0.28353557934193113
395,-0.6501241666484052,0.05522588769779129
396,-0.265172523980149,0.1263761790645723
397,0.06533690456519788,-0.3490128997055066
398,-0.2255839605492642,0.0035220681886615653
399,0.03653112658772288,-0.30506531478454596
400,0.3238161303336651,-0.5399877018048602
401,-0.39318972617447445,-0.10977633930941784
402,-0.7684012240493796,-1.0777783576509667
403,0.015585639175693543,-0.19889401745638963
404,0.2792563504351578,0.1389179738810695
405,0.2310037976099341,-0.14635087208940434
406,-0.39990752594746604,0.03969911212544525
407,0.46670016567659617,-0.22541739562076238
408,0.18367126909351325,-0.20313165924924398
409,-0.2754466224770931,-0.42714953414572937
410,0.3003459959444935,0.18347418058262868
411,0.046197518014877294,-0.16049839492810228
412,-0.081925421466441,-0.1355111508937397
413,-0.08140772959886676,-0.083525739413441
414,-0.19011898204036676,-0.12225877042425619
415,0.5100245636082027,0.19661830239034223
416,0.4581963630983169,-0.154200206449196
417,0.4195429764561035,0.1733657958695887
418,0.09446715319836584,-0.1883826681404918
419,0.2277964111615061,-0.10940462678458183
420,0.34750661073257905,-0.17906559096864877
421,0.3829129601216719,-0.17132136154779495
422,-0.24301707126668476,-0.2531204663059998
423,-0.2013070068488881,0.6811191126852724
424,-0.4569322764932721,-0.15416516785480877
425,-0.2616115795167443,0.8496733773224935
426,-0.016522447428952605,-0.10493434795059914
427,0.20376123868134163,0.09535209569001668
428,-0.3038660615479733,-0.21958700181075003
429,0.7518044676715229,-0.2188188817459746
430,0.14696355634436792,0.12742531472904536
431,-0.0424925397703124,0.12152387978122121
432,0.12724122527041942,-0.2680116862951009
433,-1.022336313643489,-0.04166258166031287
434,0.11990907827919582,-0.10469843090212384
435,-0.6596973729264376,-0.4283456472759953
436,-0.45163842409405625,0.027762838755599744
437,0.48352824133692013,-0.04903631203076378
438,-0.07307113554917669,-0.09725100514997471
439,-0.01596901759768618,-0.16200239043098133
440,0.12358065415630834,-0.20578923619783515
441,0.7522199749614598,0.04364222342277252
442,-0.24061717149387832,0.01465392397688597
443,-0.005339260100273233,-0.289723658415979
444,0.21440269640170959,0.02813332774302576
445,-0.5528664334674287,0.14839627858339324
446,-0.027756518433024655,-0.31821320732509367
447,-0.6842007829914123,0.007403665648861575
448,0.35151549263343446,-0.16891873779731204
449,0.5969534765155415,-0.3641115947917124
450,-0.021495284137653982,-0.15121192224835742
451,0.5243677451205666,-0.21943960276672578
452,0.18027012082817953,-0.32090646803320555
453,0.4122620959108255,0.12035432865262166
454,0.6126008787503502,0.15576259982427582
455,-0.501825804964878,-0.6686609479963462
456,-0.7765961242880534,0.09994273109796961
457,0.36951304855378914,0.03760583096245264
458,0.3717972737407802,-0.04049900171799354
459,0.41599603704329063,-0.19226605950072267
460,-0.06737786947153027,0.11614647785366904
461,0.31678322483028837,-0.36228995929519736
462,-0.26238053332077677,0.5148370249174037
463,0.06877148377552872,0.10949200012195114
464,-0.7120388541427144,0.5684496059968317
465,0.19836824755384896,-0.3687002802104937
466,0.21360987651488145,-0.2791253855802701
467,0.18934541297938814,0.03410745870106215
468,0.05879294201706438,-0.008488478396664187
469,0.061375481547825,-0.05449420496390561
470,0.4130324181905758,-0.37903496814613113
471,0.19275162579703967,-0.3712251787255236
472,-0.09328140077546532,-0.12568270692348407
473,0.09889484364908561,0.25826852566348807
474,-0.005986459396945118,-0.14593523794174687
475,0.30813555262770126,-0.3042693888090828
476,-0.3933037368112179,-0.40037000286877894
477,0.5106137277938944,-0.3916698504824629
478,-0.19238881208392233,-0.2919157412454019
479,0.47098313513921847,-0.20773690451914617
480,-0.4313723729551244,-0.04694409108952134
481,0.0002455406645466555,0.001219731786339336
482,0.19313995366710607,-0.13648975609044164
483,-0.3946548681749644,-0.3539785326822516
484,0.5782563005179779,0.28392456607053435
485,-0.14681412163711796,0.19632397493212728
486,-0.20617116526199605,0.22508263097098938
487,0.6213633667105379,0.6405929805172961
488,-0.12088391110317724,-0.43120435304757293
489,-0.12870821838363697,0.26980732303873983
490,-0.23541435385377935,0.2806437614918106
491,-0.05106289175796043,0.08195260883359484
492,-0.5362431460239012,-0.08992846380832811
493,0.46919239819005465,0.16492798791674962
494,0.1677708297836123,0.1456310045884991
495,0.28680177278605684,0.11456578680029303
496,0.2976909014805311,0.36621935041902054
497,0.17903863561110608,0.5623069625488707
498,0.28100457604938556,-0.02546660831970272
499,-0.26941614496310046,0.12517271414341968
500,-0.27557491629238273,-0.5130239959186826
501,-0.6528930350417591,0.3718500679597425
502,-0.32541257718098276,-0.05868859168967644
503,-0.7896907273486165,0.3665297216170907
504,-0.07002424001405445,-0.07048298122123343
505,0.5426617078254299,0.20828675751014275
506,0.32244325193779944,-0.17802402707386297
507,0.055318487429997176,0.43437494448635894
508,0.20936089094254218,-0.0026754910827635997
509,-0.5239097839345938,0.12996087247550653
510,0.22392678291045068,0.6541175284895039
511,-0.36612537123455713,0.021950881368790538
512,-0.5216903113704364,-0.1553785918510284
513,0.2776715269955518,-0.5303880670368851
514,-0.04037798294087562,0.3667102417697953
515,-0.5219670243229912,-0.4349123656918902
516,0.18938063894780532,0.3601915284381701
517,0.33922496748551406,0.16078825650329198
518,0.06250129156282834,-0.2275238091752468
519,0.1714313831712179,0.06825917014155085
520,0.3213485337346434,-0.13561711349005898
521,-0.12978496517383667,-0.3835219645587198
522,-0.3286226885037088,-0.4129758449921472
523,-0.20579907897369754,0.2738998613563509
524,-0.139621372076557,-0.5136629238025786
525,-0.3387802662556225,-0.09111580893819872
526,0.2048249600535374,0.15278384327183783
527,0.2961373346313199,-0.30678236344678705
528,0.6156505328371941,-0.04514537620251505
529,-0.3561971367670396,-0.2796573260259289
530,-0.10522438419401596,0.3044679591099815
531,0.24567909109687636,-0.2044642586656282
532,-0.4682603402955111,-0.2454770003195055
533,0.6218652285991447,-0.07012607843113487
534,0.5525129475919477,-0.2179277397548316
535,-0.30994548003513606,0.5041227014866617
536,-0.19707912614635784,-0.10121533888463385
537,-0.039412532386403167,-0.26594192815538775
538,0.3117265434410451,-0.08690519711287796
539,-0.2278025578911793,0.20797686014030478
540,-0.21607624156509314,0.03792795547024047
541,-0.08959646637907913,-0.2653936638209721
542,-0.22765173912290945,-0.29510978233334795
543,-0.28890202289957534,0.06876113630009213
544,0.5632559482436474,-0.16181431145372505
545,0.03437184237936946,-0.11677633331154791
546,0.05402638381808544,0.1211552316965347
547,0.08683074252297784,-0.40606640949864875
548,0.12120580620226785,-0.08760396551261701
549,-0.05576490532440165,0.07986201872323839
550,-0.36935893039514434,-0.23233555086998403
551,-0.1092723484286128,-0.13485043835247645
552,0.506500936593862,-0.09532888726696447
553,-0.16290611821182416,0.38082571101141516
554,0.23860796454465952,-0.07824038015784984
555,0.3044627257923026,0.1405827206655411
556,0.7702903325324785,0.09767977854832054
557,-0.03683487805476392,-0.36404304942665977
558,0.5821174796496502,0.17186173518576808
559,-0.12788751952882116,0.23700156841789372
560,0.3940361294664725,-0.06923681747294558
561,-0.45509794731132497,0.07988047427526963
562,-0.036332029794831376,0.019938197769837625
563,0.09769299024960178,0.040991366161653324
564,-0.13746463780795934,-0.3055819557603795
565,0.46292949946422507,0.3978468028003134
566,0.1476869487169498,-0.5020240599630873
567,-0.45103066262485286,-0.29223011863022813
568,-0.4932916435462596,-0.3115736039551036
569,-0.41838121220249525,0.18521528462452452
570,-0.3044425282463505,-0.10398889381643092
571,-0.11366120387937334,0.4073733757899349
572,0.34017598769724466,0.27446742746579444
573,-0.0077790896701117485,-0.2434008427815673
574,-0.4409152875989326,0.10892729013944977
575,-0.33332157346189406,0.3310956524079795
576,0.18019254753049108,0.32948787850387884
577,0.09413886860018292,-0.23313821374933608
578,0.11616273617946579,-0.4044143564960798
579,-0.27819613904207824,0.34594232006770587
580,-0.19906092698803407,0.16225129034317953
581,0.7475881182536843,-0.2488740681367449
582,0.41395073736344706,0.18367115386499355
583,0.558960015559705,0.4522341292451659
584,0.8548177860437034,-0.43509199255968317
585,0.1035803886982098,0.07058497196221665
586,0.7074340978397152,-0.06902576826868519
587,-0.1389329548317801,-0.298749677447158
588,0.5269195445578699,0.20371568161958797
589,-0.5813086797287279,0.1075325721312504
590,0.6914666243281512,0.4456841992448367
591,-0.7268352730352484,0.06668813502520689
592,-0.5741829921727651,0.011393593230338414
593,0.07144803901114208,0.20030374171464246
594,-0.23088187963692278,-0.033856158498106165
595,-0.755268072924904,0.25234096841748377
596,0.7739191309805975,-0.02298897834460879
597,-0.24970291306787487,0.004982347106871783
598,0.3721257641140904,-0.2408334569697369
599,0.3310009240534532,-0.1664135536052167
600,-0.24552236811075762,0.04448744140940572
601,0.6201502900380016,-0.15504989356243154
602,-0.19046178811060172,-0.1539925889791872
603,0.010606536620252273,0.31524496588445905
604,0.4703798027272115,0.10133153911155487
605,-0.049391358156391556,-0.43172043423039363
606,0.25589499716468966,0.10783351379628153
607,0.38016205470993997,0.2536506720668101
608,-0.09699577933156786,-0.4708981437473982
609,-0.04818993779533871,0.2794120714560762
610,0.1968251147974397,-0.45414504972242864
611,0.4140219696267938,-0.533576985332096
612,-0.027205006681242698,-0.15482863191722432
613,-0.7106363174696664,0.4185216468667437
614,0.20509384081927828,0.2167631168142718
615,0.3233036305106699,-0.3040093262874211
616,0.3186957747490535,-0.26121804060066467
617,0.19409709769519107,-0.08962468052877653
618,-0.2872242621201507,-0.5142947245005576
619,-0.6062475333705282,0.43866417596302976
620,0.2888295098139813,-0.14188596589054125
621,-0.342004419391792,0.169906882675578
622,0.2934471688545477,0.3111773193418737
623,-0.1485019418559666,-0.13607415756317734
624,-0.24869511336589148,0.304133568642387
625,0.04999039876394788,-0.03436298341810068
626,-0.06862775051427243,-0.4582897578696258
627,-0.38580400024894745,-0.09847283592375367
628,-0.22232667650939453,-0.4392253607433717
629,-0.0834378623746302,0.010499094300092254
630,-0.037571483523951295,-0.00567455462017757
631,-0.03264243626456741,0.05031238519213398
632,-0.41448282089653565,0.37445055776435693
633,-0.7411702548458601,0.5854099224678263
634,-0.38551530376884396,-0.2072268969615705
635,0.19935154673932565,-0.25208850752881656
636,0.9587428682753967,-0.1545352525281254
637,0.3627627462283765,-0.06830907959955203
638,-0.395619809185899,-0.26753042623774137
639,0.3215952368454317,0.000706705340286984
640,-0.4776705962241921,0.3823142835863769
641,-0.5502840939264354,0.206461663679629
642,0.6078473250770422,0.0003688703956572943
643,-0.4007602513909285,-0.19039753999706416
644,-0.5804319822849904,-0.18506142781549212
645,-0.15215593600266916,0.17217746673830606
646,0.0405231339688921,-0.001661579366957321
647,0.44318107605909485,-0.3997475504555348
648,-0.3901049624561303,-0.2619516436440292
649,-0.10329230706734129,-0.1834186364309756
650,0.0807609619487485,0.25590343527365994
651,-0.19054331075223135,0.02061526995624194
652,0.052901497389432166,-0.1548642737520773
653,0.3300857116900318,0.058385411409378855
654,0.1974043059677355,0.05777517431592363
655,-0.003447550341937233,-0.10406656356785579
656,-0.25588676427914775,0.040721105516195795
657,-0.020045533320374426,-0.3441905239425217
658,0.43880820774777873,-0.10586555967431793
659,0.07523757043442844,0.21447300070002684
660,0.04965250484329166,0.27353818531096347
661,0.38170997078536145,0.05954286789098581
662,0.04725295874829605,-0.37627516387064575
663,0.5010606537862621,0.19676808467645754
664,0.23228418445681195,0.19493439646310923
665,0.5054790438782109,0.4795691178017659
666,0.023546169411573194,0.4862666436301812
667,-0.005032722366783244,0.20908729923396735
668,-0.6330944316489964,-0.1537583536764571
669,0.5072682830675563,-0.13765815986746832
670,-0.6046953398143414,0.07370443808390545
671,-0.002445244540823344,0.25651814371315895
672,-0.2055943175060033,0.6797364928380617
673,-0.06967647698359362,-0.12416115663989291
674,0.4516793993313581,-0.15788987474914362
675,-0.2799568267779617,-0.06320632871109447
676,0.14398573802113113,-0.10554740184587073
677,0.30977524964357234,-0.137465913558846
678,0.15418865399528398,-0.11128550470350732
679,0.5618770770754173,0.5948991945755937
680,-0.1356491633160289,0.16371865810818448
681,-0.38222836358896767,-0.06601297367035969
682,-0.46645499846016625,-0.05564767939646112
683,-0.09302866090873516,0.10131490781560437
684,0.5161153396388833,-0.022930344779128527
685,-0.23670159414693123,0.18469752577750215
686,0.5160944321799884,-0.2527250885313505
687,-0.34032144192243,0.2941796632426209
688,-0.22706695245441547,-0.16024417670354968
689,-0.01978130812080923,-0.24163281997924668
690,0.4046640313660957,-0.045017345463683876
691,-0.8266488349118024,0.6044106186868841
692,0.29822267050776213,0.023261673473065323
693,0.11337276397812757,0.44155266070656346
694,0.13842867962689925,-0.2012470734011173
695,0.2388071000795177,0.5763127212244957
696,-0.12929418699379022,-0.11772842482683354
697,0.4302044384529334,0.5476033338786928
698,0.30650913086156467,0.21963454453840453
699,-0.5148558565167478,-0.5941781174476038
700,0.38839298444319237,0.18873365334748224
701,-0.22853754203030915,-0.16824024470477178
702,-0.3438170171693014,-0.1973511473243207
703,0.17614997071126873,-0.5062756402182407
704,0.07008985205434103,-0.02327118008576525
705,-0.05401333845158606,-0.27088578249023193
706,0.13096652922008128,0.4272932785110067
707,0.054906804745497924,-0.26915765710317124
708,-1.1033596566263248,0.28688129752436015
709,-0.32490132527022714,-0.29494335310421366
710,-0.2513033740580609,-0.8215594380840965
711,-0.43406541463434395,-0.10671772187008537
712,-0.6333421504101031,0.2892364213968126
713,0.007670796314703135,-0.06173568581947465
714,-0.5528198226337895,-0.2424735666929788
715,0.6049819010347091,0.15205361905315504
716,-0.0413299044229006,-0.16564282439409067
717,-0.24189038605135726,-0.6048292387264916
718,-0.16665783896820274,-0.19150548565152337
719,-0.04012076864724011,0.44223828481736516
720,-0.460990460066328,-0.17447696255401146
721,0.07157993333886323,0.004533907289127691
722,-0.5139639576622862,0.11684565420649416
723,0.4270107108969205,0.08915289566213998
724,-0.08586154442090616,0.030699734401367605
725,-0.29836912290928125,-0.5313139129604136
726,-0.051785257861558534,-0.23079615508410153
727,1.0425883308120627,0.2053997980589604
728,0.1821960701915627,-0.2504070285262019
729,0.44219724776125574,0.0011144164249166594
730,0.6673356351526516,-0.15909485084780914
731,0.8197743796462742,0.07189820708631814
732,0.6276403527774963,-0.04346331457841532
733,-0.3515267801770708,-0.3135031042620234
734,-0.2425695243549913,0.35123749807532934
735,0.35822012667930525,0.044107912885790225
736,0.027314917876934235,-0.14124986837301262
737,-0.12423201789265088,-0.06344148056243389
738,-0.7151567697805051,0.11253828625844696
739,0.15790475239117907,0.10696368793613183
740,-0.24076155185282705,-0.3198213177066336
741,0.44959977808356594,-0.30046872101684197
742,0.12487464900536581,-0.05370982324233523
743,-0.22253681809977552,-0.2165755990702226
744,-0.26328853100267735,-0.5940953884087729
745,0.07177243509947934,-0.18784472020685325
746,0.3085675910593615,-0.39389373458534804
747,0.053261848691991465,0.18334088124349704
748,0.10055573806943015,-0.05593838580170554
749,-0.022402927893081227,-0.2650144842910482
750,0.33938749716187466,0.0366705212900942
751,-0.7239240496097521,-0.16963292400332922
752,0.08339527476272623,0.6554424415238641
753,0.34191065827796835,-0.30909094075015314
754,-0.07669174665806996,-0.11655424893643221
755,-0.14732313813082915,0.31220340871970215
756,0.39343027001880454,0.19389247185221534
757,0.05318288012718381,0.08353631349342835
758,0.10074526239029777,-0.08103928997064642
759,0.23580835467797934,0.10575407635497239
760,-0.3324920271784565,-0.4459148505740441
761,-0.5034462695258654,0.8296905039667192
762,-0.017351804156328553,-0.21928062184892463
763,0.7899218072754498,-0.04122635113206739
764,0.959002474221591,0.45574814172486156
765,-0.0859937988935493,-0.10420928198972232
766,0.34762847975772165,-0.10047690013677298
767,-0.6439247734579788,0.020315683624299204
768,-0.8908117649918521,-0.40122475421617365
769,-0.20874809572537983,-0.2516454915985828
770,-0.20855131060250384,0.384573722543879
771,-0.819279537222547,0.28223643814574584
772,-0.36949668985475326,-0.08632963233437911
773,0.1570947369162056,0.1559337580058546
774,-0.5609303824942835,-0.4223025170626103
775,0.2971031301409334,0.1690342624440094
776,-0.4753218321189978,0.1987440522750784
777,0.49164316477417547,-0.07962271668661976
778,-0.4273694001352255,-0.07140806863817557
779,-0.032683751310328274,-0.25011587307768823
780,-0.14938749102593515,-0.09691806650684481
781,0.1826593702563796,0.21146421728146722
782,-0.06796241888001824,-0.17382162740950202
783,0.36572784329788643,-0.014462101628374935
784,0.07586270972767531,-0.0793431859880283
785,-0.46607019042745534,-0.2745648595964716
786,-0.039252214023580485,0.3569789381036351
787,-0.2704522758874687,-0.08148164809196862
788,0.6509180455389388,0.14096408719438175
789,0.6250238628388187,-0.38206355407135767
790,0.37358404833529435,0.15367547285652727
791,0.012737636764777282,-0.13891732438948795
792,-0.6969158448176884,-0.038755576107011996
793,-0.6782058822476296,0.47486152168362444
794,0.0846920963732153,-0.031565940411662684
795,-0.5495220198236039,-0.11292742407149632
796,-0.16933258297841522,0.050075404466885944
797,1.200429274852212,-0.34703483205121194
798,0.14277969253799924,-0.16243050277589266
799,0.23154981835190955,0.25746748451087975
800,-0.17203807663927445,-0.04075677450370039
801,0.09174466546636335,-0.3672546324775419
802,0.7196352217215932,0.4539876115294661
803,0.18974202330451034,-0.12512231920904687
804,-0.47647791050954047,0.15219256110768556
805,-0.10365987557647217,-0.6941868969991613
806,0.06560063852765967,0.006910521454862768
807,0.3136749520204824,0.11516763570648918
808,-0.11027378839716691,-0.40767464755628635
809,-0.08993543227092013,0.15184079295573166
810,-0.07338274254454491,-0.2616948620928303
811,0.4953868134654578,-0.21089868567053707
812,-0.1967361331716136,0.044518957319724085
813,-0.42207048919630963,0.33504936929443024
814,0.41442168123926776,-0.2720235722808871
815,-0.9309653907455021,0.21341155740662457
816,0.2483964406375272,0.18771807918509864
817,0.2911450509888964,-0.17237344816567865
818,-0.12000525956592936,0.2433092082761516
819,-0.18849513145949934,0.18287338696976937
820,-0.030748468632126554,-0.6141539891860783
821,0.4766586750881216,0.1698772992664867
822,0.18819984840962992,0.353347245019947
823,0.18080959032790986,-0.0924643607324054
824,0.05221920440618625,0.13422259940745293
825,0.7839070446893441,0.32840961310342
826,0.37264540863263007,-0.34867714271441635
827,-0.24102766136229956,0.1610042420059978
828,-0.07890793651286829,-0.40533381935702817
829,0.028693857082224238,-0.13834779561937044
830,0.16892022973968723,0.21377733501144133
831,0.3835575805423975,0.08793066605537571
832,-0.15849070833349532,0.15021054669721415
833,-0.2811726684247126,0.130817057398651
834,-0.03753263594415334,0.07431149694638216
835,0.00026434657174164724,0.39084707021472365
836,-0.129518471738617,-0.22489674689950867
837,0.3141691125745927,-0.23788501864630365
838,-0.09062719494657073,0.11028385646817138
839,-0.08380238110090059,-0.4169378878050733
840,0.15324104050026363,0.09475877832687615
841,-0.29016758841071605,-0.08834448275276534
842,-0.16262305497373108,0.13481304770192165
843,0.16452154489569207,0.07595264238312129
844,0.08060528975929507,-0.3522432621976513
845,-0.3385663964174978,0.2588477689864088
846,0.51850476715409,-0.08701237997522714
847,-0.854249753128772,0.03136714452841855
848,0.21072306664171372,-0.030173143236084332
849,-0.14922665746704603,-0.2845478679884716
850,-0.15472501539676484,-0.06389182950423941
851,0.31506351894203644,0.38345587384086527
852,-0.2611472536068505,0.10756486183361381
853,-0.08488244822625285,0.12696735809453655
854,-0.32260099769628126,-0.14234571258925519
855,0.11838375223243175,0.0741857893495307
856,0.3327511798834122,0.18581819581350878
857,0.34484420331774734,-0.31055305343175726
858,0.4770522298088031,-0.21715036038826355
859,0.20878067180236537,-0.20719651235398875
860,0.16735304941460638,-0.36991107958919106
861,0.00044852752906430696,-0.1256245371858496
862,1.231677719975686,0.3720241010621821
863,0.9694427332654114,0.043900034870759705
864,0.3568396747659222,0.1923657900452702
865,-0.4392178306540764,0.21657910205730174
866,-0.0463334285342828,0.16730194416955962
867,0.3627869216899505,0.015020907626320872
868,-0.4044333654408115,-0.19261758908382137
869,0.6181254394586911,0.08195483731410194
870,0.39570285290661916,0.010791319477766756
871,-0.6702689241160749,-0.029854723191427634
872,0.27808450697471715,0.19345993733085634
873,0.26026256831151373,-0.20705526938048602
874,0.1348365388453699,-0.03160165078684116
875,-0.01396007003582237,0.17927823436872367
876,1.0249799398210149,-0.06946309348565435
877,-0.3032044721429118,-0.27243920574760877
878,-0.08864469495191593,-0.1391789569258099
879,0.3102216337305847,0.4582484934926921
880,-0.2112146982926643,-0.4190987913215618
881,0.287371559190497,-0.48150724112513593
882,0.6272277237711646,0.1585438333399545
883,-0.23593963979472055,-0.24363468320434592
884,0.029600522371414053,-0.008717986797706388
885,0.3578853765081178,-0.04695288296492955
886,0.1746035985725431,-0.19869747125085152
887,0.6994966891468967,-0.31280590941724434
888,-0.11145113098751268,-0.2667908006381818
889,-0.5230331844197622,0.7558353366122041
890,0.2607394960969267,0.03834982471947448
891,-0.07237555417629025,0.019536781586800764
892,0.012202926649355128,-0.6127759467453328
893,-0.5969380734298707,-0.14982912974961246
894,-0.3052395414072845,0.095256066132051
895,-0.9549799334679272,-0.2041111044870456
896,-0.2679261138218319,-0.09114695197851898
897,0.3988656130108779,-0.21050910705247214
898,-0.5889899405478591,0.26284338071386615
899,0.21807676530445066,0.05299558392778506
900,-0.5625024878960412,0.3235942790998844
901,-0.12091787060758581,-0.03380425975202681
902,0.4407937162053822,-0.07212831398803937
903,0.18114746085699054,-0.35506864712621783
904,0.14673270999049542,0.130110724879737
905,0.22433301134482608,0.47150024149779335
906,-0.025624209168932283,0.10453759117236275
907,0.6133168127985842,0.021465011601839317
908,0.08142191123427284,0.1659508924240093
909,-0.2182777702079273,-0.029666128508035926
910,0.022113300251758075,0.23417248831477103
911,0.4791246260401754,0.5050988133136652
912,0.021811560348087535,0.17088700070163712
913,-0.8585624272991583,0.11259346074109437
914,0.10801328666104369,-0.48226188031628325
915,0.14161438974823617,-0.129311117359319
916,-0.014121703564982067,0.0885463913141696
917,0.25809956522392313,0.14458418329023076
918,0.15183078198054875,-0.4179557859323016
919,-0.5050313251625591,0.28362526038556446
920,-0.08738936224366485,-0.16979335389327632
921,0.1641242562505505,-0.12520023841759778
922,0.05310219547067851,0.48680419863187296
923,0.13242439347893042,0.10195816371335541
924,0.3148217115576708,0.08104399483149848
925,0.5421149459062993,0.03550459728672909
926,-0.055181913091174865,0.18359390472041626
927,-0.1163834404970736,0.07235845368887457
928,0.5118938447093531,-0.20073310313370943
929,-0.8399263626448751,0.02002658119706211
930,-0.15457169988964184,0.07737812424412537
931,-0.3499769012880782,0.19138616837733802
932,-0.03428748838560776,-0.0021579403238814825
933,-0.7815644972390721,-0.013981586886979895
934,-0.34670029325854246,-0.1337589119154658
935,0.3148488758537372,-0.4266016847218097
936,0.2806251340853498,-0.19685855313259382
937,0.025942670819397964,-0.13169360828850596
938,-0.2649050553721096,-0.09005866938273795
939,0.4364677255172319,0.22242733706084147
940,0.10710738044572822,0.010406660319669827
941,-0.22423645780045343,0.4292852955574707
942,0.10607075623128313,0.0587125262190904
