,v1,v2
0,-0.23421198066314788,-0.13221375985739733
1,-0.34645009834657226,0.14356167915377588
2,0.1847142200100488,0.03344012252275081
3,0.25260547681786777,-0.337065913026167
4,-0.5383775141248246,0.15289825478901192
5,0.56159621329615,-0.1992829421390039
6,0.40987632336808244,0.07344740885967696
7,0.29059032744545055,0.20076599601512915
8,0.6750807698544213,-0.031692158911883504
9,0.4411301480704126,0.5749474109608756
10,-0.03171367174904754,-0.2903438346905567
11,0.1848520646053083,-0.08950463815338956
12,0.627100706156308,-0.17606806772737962
13,0.5036797991533287,-0.0395093947891169
14,-0.5423810004371952,0.03248990643064213
15,0.4201738131429701,0.18266336804091388
16,0.013509556559319716,-0.31652481337428295
17,0.8793798334595988,0.22246370085082076
18,0.2816462935945229,-0.12935890799255492
19,0.9224203164417687,0.3112540883298971
20,-0.16826602164146337,0.5146176178391477
21,-0.39019616090651255,-0.26281521723778206
22,0.6318300890316172,-0.3537600431098092
23,0.27139067154136043,0.1430992309990351
24,0.026970332237738207,0.23845278020039873
25,0.11268854418950672,-0.3006227138922324
26,-0.3601787427140072,0.3438528134565719
27,-0.3423157733150709,-0.03988081257650518
28,-0.7675540492651111,0.3313638754589891
29,0.32890408052299547,0.3450758492812791
30,-0.2993186854000428,-0.06353226652860634
31,0.8561252642881294,0.12702569797228802
32,0.00517951187795492,0.16939695152784798
33,-1.112390875888496,-0.2058592786071995
34,-0.43740512849839575,0.15429315144315175
35,0.1572808031053163,0.4602104880553443
36,0.31322608001877533,0.8906887615729671
37,-0.8910658601473206,0.11301795730338858
38,0.10813266690356442,0.44531562872975283
39,-0.1752900284634458,0.9433677027181411
40,-0.057112913928369605,-0.2806617918046154
41,0.4984544752870556,-0.2712434736632583
42,-0.2686100986057129,0.35872783083876386
43,0.1820681765645513,0.04160152952908701
44,0.4981777916110906,0.29555600313366315
45,0.6575532406244691,0.5033221516840408
46,0.6223383086361413,-0.5099938321607331
47,0.3800083326003655,0.0907134384001071
48,-0.06325367259767446,0.28446143223275133
49,-0.032058846954723434,-0.30814774698139197
50,-0.04962191824222136,-0.013007617748368812
51,0.4221460278498722,0.14623185670089328
52,0.5043802858797016,0.1448753634380671
53,-0.45005109971350576,0.058421828207671604
54,0.4035474972502126,-0.004586276849562077
55,0.7620147806580864,-0.3196858399117819
56,0.15007417166249007,0.2059293073543524
57,0.37577831983499965,-0.1201313022060723
58,0.5317945615132108,0.43694980141246026
59,1.1113055610615472,0.3871849115277527
60,0.6748676151507614,0.4803249529186234
61,-0.3782796200336142,0.22382815121977262
62,-0.7905218009660977,0.25479578675735537
63,-0.027763689656993974,-0.27446925100464586
64,0.38181409274194356,0.5249914716792473
65,-0.788322391275275,-0.10086836213507976
66,-0.5107092083528156,-0.6467829961641489
67,0.1461057071338447,0.15803952213206837
68,-0.5013836618864344,-0.38543586910204725
69,0.15670147721592453,-0.031144727686804694
70,-0.46409735508922945,0.007539099576215123
71,-0.23916718589028207,0.17574161414662068
72,-0.5526363628876464,-0.19755090003786355
73,-0.25054769278844213,0.48160336692302697
74,0.3063652857805439,-0.028011068593191094
75,-0.06586863315506873,-0.5095136387178834
76,-0.6017969413597292,-0.09604155607177998
77,-0.5653085420354292,-0.10577561064398747
78,-0.36226703070446575,-0.4458557677039131
79,0.02801945799211946,-0.12149786614719986
80,0.6489144599973119,-0.24680939623257842
81,-0.5631879199994949,-0.3573029260198969
82,-0.13371114804604137,0.24870287093324497
83,-0.41583338861757563,0.12455613369926842
84,-0.11567987182958518,-0.25376404100306515
85,0.3483993612395933,0.11924944057079373
86,-0.0692890757872146,0.1942270532305002
87,-0.5904641958146765,-0.11522262202397389
88,0.46498895351081887,0.11874737878446501
89,-0.013555496520768004,-0.2705388224526595
90,0.5676143625201512,0.3620866699222544
91,0.6834090729082399,-0.014184455538418482
92,0.7542940540443875,-0.023864910725939527
93,-0.7805307240297585,-0.513742348831366
94,-0.47008785257239527,-0.12440007864340766
95,-0.38850782012305773,-0.33159891496228266
96,-0.2283623490440759,-0.434534833012829
97,0.1910890397284096,-0.3385173549943677
98,0.031644420316563664,-0.514559563529555
99,0.49382315639715707,-0.11210131060911131
100,-0.07779226816272031,0.06358399883054948
101,-0.1736044380292583,0.5455962394427818
102,-0.4945156159940451,0.10975286658226263
103,-0.4621187681407495,0.30855447272747494
104,-0.345659357122956,0.0732635680926715
105,0.069448495809176,0.42994795950693876
106,0.2955816231049921,0.16195590046933345
107,0.4331266654195547,-0.531916572480631
108,0.022078909008159654,-0.07052678955281416
109,-1.0609719395931878,0.04544088608768039
110,-0.16816816138796747,0.008144021023194017
111,-0.44936371826389315,0.6178671470637306
112,-0.1845933819645577,0.06830967457158674
113,0.4139138278300238,-0.04375658879193455
114,-0.032893697590113256,-0.032560242992966164
115,0.6317477933676499,0.5280438723329637
116,-0.6050043735711447,0.08839345266542638
117,-0.6956471961150549,0.19174418479958075
118,0.12096534193062418,0.029828146229656998
119,-0.3138825044770429,0.6597736625110301
120,-0.80965923794916,0.13669895458173317
121,0.9113670468593691,-0.3855585571684731
122,-0.0927153832547257,-0.12085115963027926
123,0.5776737256620483,0.2971188665857671
124,-0.5696882073901852,-0.0733825637136361
125,-0.04761851739622992,0.12711458941639178
126,0.48989874202821926,-0.4889778546365687
127,0.24342573660120934,-0.009707194026004038
128,0.0006464613341729807,0.09332622681870821
129,0.6465152918908424,0.5445791181813031
130,0.4963644637040508,0.16844209634433166
131,0.12174087341879232,-0.029092438989279608
132,-0.10374304140312464,-0.09238264803073547
133,0.40350158483071347,-0.0839110403536974
134,0.5710010013574401,-0.3689094438542719
135,0.1584767504039387,-0.2122567211539039
136,0.8486090682693812,0.17165261733606307
137,-0.9678927253286389,0.26461664897203035
138,-0.3144641749944165,-0.5010868734999783
139,-0.7645984799360552,0.23185650304962693
140,0.15064740424005324,-0.10014416815947728
141,-0.2690307093254689,0.33829860688626884
142,-0.6717759147255944,-0.06492407233211865
143,-0.16699639735956887,-0.6742167488349559
144,-0.5592121365248763,0.17033884172476843
145,0.1888079646793575,0.08636573576049232
146,-0.27270398128521633,-0.0402239597874844
147,-0.8426633879140343,0.4205406249735663
148,0.9133269095808235,0.3151445769326339
149,0.4454273405642165,-0.25672216973891904
150,0.3184630882947652,-0.3264229909952611
151,0.2513924241058765,-0.0831518605060338
152,-0.04104529728179517,-0.31095103880380875
153,0.5534430129839644,-0.20510166470748847
154,-0.8077860435524841,0.143482653013121
155,0.6254666247884162,-0.20090718967498708
156,0.21512563529296508,-0.2253841379398769
157,-0.2998359211047953,-0.12105981678423197
158,-0.4557174174089174,0.00022762659605687693
159,0.6858544985220579,0.4531782217344256
160,-0.6285266577120091,-0.08932211456152604
161,0.18398000854506005,0.009454469689326606
162,-0.09333067174723983,-0.11415251353038221
163,-0.2751254647907154,-0.14714700457167487
164,0.2604193929726243,0.06889401900952234
165,0.13257080951712025,-0.03880837745780331
166,-0.27023397031436436,0.02700902586065946
167,0.4323058813115569,-0.18566207689299333
168,0.22313404575554707,0.28752296327580634
169,0.32475962458675933,0.04362936524999862
170,0.7735985305200447,-0.01871955919030242
171,-0.1645604175397889,-0.5085061632270373
172,-0.17661572829723277,-0.19156212481659624
173,-0.32387635074951987,-0.4353038716363719
174,0.7682124295856398,0.0930350083479413
175,0.20300972031165682,-0.256701506413221
176,0.42282400113108476,-0.27766152434543817
177,0.285326394694968,-0.18494579262638994
178,0.9471032600660155,0.23192932667110497
179,0.6318989481690789,-0.12166190682515371
180,-0.21235901617190756,-0.31818295836702554
181,0.34438730826555475,-0.32115169173180075
182,0.35427124905507207,-0.0969770616510165
183,0.1968070461587363,-0.2661653989059639
184,0.49875275244329925,-0.38766551147807254
185,-0.197671990488336,-0.3892257060996538
186,0.32253361194074825,-0.510515798619443
187,0.35437804681057816,-0.03450390673472128
188,0.16559200229055668,0.5310272028702602
189,0.1177584352230668,0.21555153470128946
190,0.20037046129247335,-0.1934231011377984
191,0.5332275439056139,-0.38932579531704875
192,0.118486099553596,-0.32335787405599753
193,0.01616141766331458,-0.07618777658011983
194,-0.28250469825275815,-0.3108380537334378
195,-0.06123876117721197,0.02473415021977845
196,0.42480390416331926,-0.3771186496219885
197,0.3205616702750635,0.17822830513636492
198,0.25464033602428215,-0.10721243819211501
199,0.4101375322214523,-0.129466484089737
200,0.3108630301225195,0.06931430647735665
201,-0.1574906844830435,-0.41973721928005264
202,0.4095925860095613,-0.34809217095995315
203,-0.5116625109428105,-0.45767871936729343
204,0.13901168731575655,-0.4476374560922063
205,0.4546839962715961,0.0002456980690989197
206,0.23679518853165027,-0.015636622925713092
207,0.08661715537269946,-0.24991531073895917
208,0.6763802122566052,-0.004246333993458515
209,-0.4968723260388312,-0.15737806654010614
210,0.23186630215303175,-0.27765420773646654
211,0.7534079706188826,0.0832917270941756
212,0.23494195782185628,0.0993963486557452
213,0.2871972886451289,-0.10063825894725956
214,-0.3944756782875294,-0.55178869365446
215,-0.20967722585324491,-0.1368225052156736
216,-0.04868937219951743,0.30349801387528824
217,-0.15556528031546982,-0.0889810512588304
218,-0.3408310601955692,-0.88727924974231
219,-0.9368757789363132,0.2668717327240644
220,0.7638562820132357,0.32044941021448303
221,-0.35088087396497214,-0.06665005923086038
222,0.1650814780528727,-0.03427710196701698
223,0.47953408391894586,-0.16783169741766457
224,-0.4286545912845097,0.3765301493310364
225,-0.47385459222933146,-0.23605123703926648
226,-0.06747886413738594,-0.13047346240350022
227,-0.035054278640015625,-0.29914533022822026
228,-0.23161596751138286,-0.09073210822385945
229,-0.4164623889602332,-0.22956698885001006
230,-0.16013579315991405,0.03141305697359632
231,-0.4433331360397001,-0.3915250398827783
232,-0.4608388510303312,0.0020160412701423413
233,0.21076562499108384,-0.47569215822639677
234,0.4293274839090211,0.22207033225234263
235,0.39488670750416344,0.5623083989240815
236,-0.30426453507753415,-0.28139028822361806
237,0.7145388154820648,-0.1429594205581014
238,-0.38571782245111613,-0.19354877400890655
239,0.46825314601453377,0.004028330536130174
240,-0.3985179468746121,-0.01762262143119163
241,0.5204808061476712,0.13862294649368068
242,-0.6868858426329679,0.514760615104148
243,0.39281856243621693,0.6111494523188669
244,-0.2133949367591373,0.35038182977422244
245,0.23924822112594338,0.09563143299710773
246,0.36144739582184404,0.48291485123382
247,0.08528814539611133,0.09930761066412318
248,0.20508786461615644,-0.12313164813111756
249,0.09787777757818464,0.22881064316210975
250,0.43608243184116585,0.4068251027247282
251,-0.5185686253756561,0.34102728753509065
252,0.40545785436462756,0.8149945812736181
253,-0.6427288197829235,0.5802380877839712
254,-0.5483387900507244,0.21168242455773345
255,0.6642362165856576,0.14871162385700715
256,-0.27061005597580756,0.0035800012088992067
257,-0.044649636258671424,-0.15788498697594985
258,-0.37363078697776464,0.6549404454241069
259,0.05249451452028297,-0.08735360381079588
260,-0.4013387149897323,0.7233019456283775
261,0.7213083844190364,0.3401346022475297
262,-0.4962299244131567,0.4845938069378034
263,-0.1224144505135487,0.15697529847184863
264,-0.5024981438602694,-0.06146903151135225
265,-0.32775591729764114,0.414117656789464
266,-0.06707124254796248,-0.17801366450736747
267,0.3944001296789678,-0.10358866512358159
268,0.5477688798864151,-0.12059304526115823
269,-0.28654454518414757,0.13186331180380423
270,-0.1063808450364783,0.022756483038252177
271,-0.11811983186473515,-0.23011460566750597
272,0.10860775174572691,-0.23164982941935103
273,-0.44608308200571667,0.15678198844591054
274,0.32552157212302046,0.024534036073511
275,0.6454508832311024,-0.3548108611265379
276,0.033004309538765576,0.08799320582576357
277,-0.37939274193181993,0.6859298640989415
278,-0.0037306855816720145,-0.2140853795858872
279,-0.820435534497899,-0.044926848762786034
280,-0.41491742318841507,0.10703327611887894
281,-0.4611454005619843,0.0799806076538927
282,0.12986254289461713,-0.04105054506580525
283,-0.14957800627554155,-0.17353761607160909
284,0.5157653900493036,-0.0870411398193017
285,0.20860088732349355,-0.20986957653946964
286,-0.0745442907528048,0.24117583494313932
287,-0.4130470521562834,-0.4480320677665728
288,-0.28381768127742224,0.16802002167373192
289,0.1127100715085441,-0.19040449893464728
290,-0.40455708890440945,0.2725803768007704
291,0.21859676926526406,-0.014755792440385366
292,0.20907066771972513,-0.16547459814209747
293,-0.4368295399411891,0.1858321741396151
294,-0.1939827977300914,-0.21829673419620108
295,0.20111217032012138,0.14938286966552794
296,0.37851648633878887,0.10834997423521257
297,-0.05434934286901893,0.04516883924550784
298,0.019078486055937417,0.5184045314728162
299,-0.5573680640059898,0.06763068115166355
300,-0.150804995431586,0.06356105136673004
301,0.36046021978012793,-0.23994449709826582
302,0.5577355712613684,-0.1212394857879578
303,-0.015898339464450684,0.01682889817980497
304,0.5494573114796293,0.2049606820926791
305,0.3855402205961933,0.16942640263324585
306,-0.17662767370159807,0.39594578373423367
307,0.21519927017271087,0.23152675453447927
308,-0.3783626455131428,0.4924446541304898
309,-0.42995301893126575,-0.1253042380167605
310,0.4928799847579773,0.43425271531829535
311,-0.027175361850744983,0.5427205026555775
312,-0.3453298973205816,-0.34491089229130506
313,0.013348677262308761,0.29646734822456633
314,-0.09647565550439392,-0.10595050092703492
315,-0.2674938510929346,-0.11907505860694897
316,0.2862692395359655,-0.028266298615809118
317,-0.13684228581178215,-0.19526964168515343
318,0.3756925900547787,0.04519578956103095
319,0.5469795717427839,0.3236778206534979
320,0.24599551405494643,-0.12037164112245129
321,-0.38316560343881734,0.5871198641226169
322,-0.4639152756925577,0.473457243661562
323,0.7598233184874034,0.19603502341731605
324,0.3167701037457593,0.7218906992631097
325,-0.4596223234194816,0.0832786616218898
326,0.03962749362153396,0.1679906878210311
327,-0.4594048269693022,-0.07995432508133656
328,0.25921624440154417,0.004445333069572929
329,0.2089316818639482,0.19954677836097123
330,-0.10337392604782973,-0.16092637777986074
331,-0.2738365390228171,0.40957459662355267
332,-0.2845564548851949,-0.030218870672012732
333,0.4862553190176187,-0.12396050629082318
334,0.1589708188392711,-0.5438725585924158
335,-0.4269669814538303,0.6002326837503994
336,0.271180338079788,0.44184233834703
337,-0.3475965525788024,0.0038176559580653676
338,-0.10062871097591274,0.3261303778517517
339,0.7137438844843651,-0.19702471807421348
340,-0.3607138147211939,0.6892814523788607
341,-0.23489568496325156,0.1560383906890639
342,0.21529480011312083,0.17661850685743236
343,0.1261169864424336,0.09705455000525609
344,0.522348619425088,-0.08020437613850358
345,0.5158425156868248,-0.4253219117591899
346,0.23911514538933115,-0.4769456620659678
347,-0.06967478054282182,-0.08138382799643853
348,-0.6018346030475884,0.21927469212776446
349,0.31116506351673645,0.007060247200154453
350,-0.31495331806153354,-0.28603056041497166
351,0.5010806394866324,-0.09339828926620648
352,0.4522095791549609,0.30983058281511955
353,-0.0425794220845656,0.30923152550003336
354,-0.015098771119827178,-0.06597924729431448
355,-0.5358209528114274,-0.4769470282994255
356,0.4141362052553341,-0.5358050555561857
357,-0.2200010680844898,0.23863385929042294
358,0.43800714832528975,0.3980295450302177
359,0.3168302387529516,0.09349377643545537
360,0.4355631617107092,0.09295155752273379
361,0.37642644790263263,0.33004989903772247
362,-0.29007133736516943,0.18199650159932668
363,-0.20373239783378488,0.2594896420653082
364,-0.3566463891887875,0.43406376360200116
365,-0.624588623326994,0.16809375987638972
366,-0.07992730858509373,0.4114118138529001
367,-0.543835775766494,0.29684154202779056
368,-0.15441311197067276,0.011072926095508518
369,-0.5700438022156701,0.562303127245881
370,-0.0032402351582900583,0.45615741803099724
371,0.39194062627191223,0.3778114303762918
372,-0.6099378158142494,0.159804637395481
373,-0.22846963508349186,-0.07431441719130699
374,0.26964657769762385,0.20803333869734272
375,-0.7259903432692074,-0.5551864857867405
376,-0.7030475456862085,0.6953902165245891
377,-0.4646901599718029,-0.17389909630557077
378,-0.15957822089245413,0.6510551209322354
379,-0.34190196319337524,-0.04509605270504082
380,0.6252677728704269,0.2785573292114119
381,0.35706459009221875,0.35384655285890165
382,-0.364478912960332,0.30342441108017093
383,-0.21746788691833377,-0.31179404700580765
384,-0.7705023847152671,-0.22431166017717738
385,0.2669736562792043,0.3829642411805598
386,0.27347579030882574,0.225548748995112
387,-0.736870923296664,-0.3650737828323396
388,-0.2877627495180215,0.47154818048042196
389,0.8595452833552469,0.08529216021926571
390,-0.24774784147172504,0.17610187056343912
391,-0.7565807033610182,0.059693699807148795
392,-0.5872024055918674,-0.11333102167999001
393,-0.6563688611910715,0.8102456002659832
394,-0.538743698433067,0.07989124493113788
395,1.1355588645128762,-0.16485857170689752
396,-1.1896303511462762,-0.1471060125211982
397,-0.8195635933380807,0.538447207156497
398,-0.20113691845802842,0.4535179751087982
399,-0.43228267799849973,0.43292093435905715
400,0.2246646519365633,0.05841514520310357
401,-0.6564184548638391,0.1047556816030241
402,-0.13971900710820107,-0.3231186753450457
403,-0.06777674783656792,-0.581850213979728
404,-0.3334588710337746,0.014220711109688162
405,-0.1663051350935132,0.21529987519171617
406,-0.1989276754062167,0.4890242698275389
407,0.43264877148934666,0.08735763090286847
408,-0.2311511864023279,0.446301474099412
409,0.013304033731230283,-0.45476576584170286
410,-0.1449430631542302,-0.021558407042884666
411,0.4926119637774562,-0.07231892433207751
412,-0.11653452996447539,0.2067378844914596
413,0.6361384153817122,-0.03924424213405353
414,-0.4261440043342465,0.01303570728354005
415,-0.19742176653801247,0.03378793870337673
416,-0.3188612688257982,-0.16711141612713476
417,-0.42800688005451837,-0.20016268259402079
418,-0.11157928997737182,-0.33740772686328835
419,0.11277120533926543,-0.3391049817954354
420,0.06539879423049519,0.0318961979224052
421,0.1550954368231324,0.19362063438458849
422,-0.2512466178371083,-0.35120186834246503
423,-0.08813773496589324,0.23945632252957047
424,0.6058001430465303,0.11069382741812071
425,-0.21703084974306003,0.15470534719404602
426,0.16746409795791414,-0.33510269256854214
427,0.721819780233118,0.16465968962690394
428,-0.14176346232617454,-0.33237673490116393
429,0.27484287239389865,0.07578400260259516
430,-0.3687945241183976,-0.03937043002832385
431,0.28440790732551763,-0.1110694901658954
432,0.3627930258819072,0.10131162097721937
433,0.19367950836785988,0.15298258207526078
434,0.1681404453174902,-0.12155353656957416
435,0.2910640450889078,0.053184603668943745
436,-0.24021905186909515,-0.1366717672024206
437,-0.12061826712824793,-0.054480431820636444
438,-0.3492453622486346,0.019294143250694427
439,-0.07958384852517067,0.31527212981450453
440,-0.07518373882912874,-0.06230387025867383
441,-0.1460240279856545,0.35495620938056527
442,0.38095894566075345,-0.22098365632137293
443,0.40397157597920313,-0.7654695727068894
444,-0.19748545639252693,-0.4299881602730606
445,0.08213166112568357,0.27054135841563803
446,0.15765594991993281,-0.2844929771062011
447,-0.08109430118737167,0.23104724796419612
448,-0.29952255348000933,0.12292624400323955
449,-0.38471341774655454,0.0075006421970916564
450,-0.41301553198921465,0.10696080170174903
451,-0.48190495553532436,-0.5351742040048406
452,-0.7298385085617649,-0.5173183538708814
453,-0.5608944815231247,0.5200861174935951
454,0.1261463455836634,0.37025218299408413
455,-0.25898544372366544,0.06475696918594466
456,-0.7479477642196172,0.5608740781985649
457,0.14432760376088943,0.422044545325224
458,-0.08096773524541792,0.09664937410546023
459,0.29537829974509877,0.06571246433751096
460,0.3760222904650224,-0.1337195803130119
461,0.34027795155983354,0.007293342929387512
462,0.5511349411392618,0.14349204899862888
463,0.2176796480753647,0.4863685968211938
464,-0.1082113895128564,0.08052800826743049
465,0.09080927166845434,0.42412763821732824
466,0.09404337158311478,-0.3861168334419528
467,-0.7126439054807473,-0.17290022482882939
468,0.3441665770200954,0.03288384295295231
469,-0.1889722867897693,0.029153634094930464
470,-0.25946005703886166,-0.026547066635837675
471,-0.5209109557245895,0.19193765623011738
472,0.7534800971073962,0.10755078501769165
473,0.6684630796911324,0.04532564638650798
474,0.802544222196777,-0.004941420686498017
475,-0.5329436522717159,0.334287964183809
476,0.05705595096859355,0.3469366797274731
477,0.11638254701907148,-0.13148981862080758
478,0.283519998834707,-0.0993188578011572
479,0.2516631299021631,-0.2559650447629572
480,0.4903356751864086,0.20979471246945708
481,0.08950899653733868,-0.37559381973750816
482,0.29221553873798684,-0.14534925463464698
483,0.3176122830865268,0.11539835694283547
484,-0.2033626474203454,0.30988621161156726
485,-0.07541891696365183,0.08553994812249777
486,0.014277275630271691,-0.14227984110287972
487,0.5405619789420448,0.06926007668436969
488,0.40983800680083793,0.08188475105724834
489,0.19767864269319552,-0.20440002108706637
490,0.27611593217567937,0.03715906717678274
491,0.270269921389596,0.11579991365181327
492,0.4255876551066433,-0.22091212711449887
493,0.296218312447219,-0.33232250341699415
494,-0.02553012053916302,-0.08394042553440083
495,-0.3388196421418411,-0.2885811367865662
496,0.244576200815962,0.19025446279359665
497,0.13587139493719155,0.021171056403279334
498,0.2814636159596975,0.020208671529620744
499,-0.03858649337837288,0.014388356369853474
500,0.21258920940744502,-0.38242683152584456
501,-0.06669336826590823,-0.14720303175381214
502,0.21938601808781608,-0.22817813762760722
503,0.3762956573755264,-0.05838674259520257
504,0.25109938741142146,-0.17756672739617807
505,0.33836430203067436,-0.11511844213692314
506,0.42175299876278777,0.041915524991655795
507,0.48570182524172023,0.06893676742667307
508,0.5244904548192877,0.010353868375398008
509,0.38004398711639825,-0.10021865726228278
510,0.4696615028376525,-0.2798834900809139
511,0.5715173215204985,0.5270036760593433
512,0.4422181533242995,0.17080991943988738
513,0.5288462077247816,-0.10781549937644154
514,0.2882834094470912,-0.062253472661773
515,0.1980697006113428,0.4315080071159937
516,0.5460154456356703,-0.3543580039733697
517,0.6781209932740067,0.018307045267456936
518,0.2442423841543827,0.013292870820946498
519,-0.10936835962187655,-0.13493322844272862
520,0.3753602858236072,-0.2509970903376282
521,0.8499712409976817,-0.19731987190557834
522,0.2717571440967035,-0.26745600735504776
523,0.33381109490156397,0.6661702670347956
524,0.5352728912573962,-0.2408997345209009
525,-0.059833284846346646,-0.41586258958331634
526,0.047158049977407974,-0.2763880530233028
527,0.1440112715079879,-0.017580776506115878
528,0.2773120171805181,-0.033051197968789636
529,0.5137589211913893,-0.03916788279172741
530,0.1100527535459882,0.06894611965622324
531,0.424377866448115,0.17652903852400129
532,0.8011024196079125,0.32167794743913275
533,0.389088771519763,-0.306821357729116
534,-0.4676286570817493,0.49593095771932233
535,0.1372044473277436,-0.13809822084510368
536,0.6312649604575625,0.0936696035172414
537,-0.3945720274242879,0.4635130234831347
538,-0.6877360375491138,0.1861342393174212
539,-0.46801947409941297,0.19428522925567893
540,-0.36930863960810023,0.5419079533315111
541,-0.4987743260099265,0.29594415372526145
542,0.8905863356475503,-0.057116326582491744
543,0.29228102244684184,-0.2793430948181305
544,-0.34155312550098405,0.1209343144833426
545,-0.39622256912368964,-0.06597113887343076
546,0.594768911795632,0.6984220728962847
547,0.5890676299873422,-0.5159256496398129
548,0.1757386758417726,0.0894524720432161
549,-0.36945774192808445,-0.328590434182515
550,-0.06719860289432768,0.3907752388129107
551,-0.02822870305093054,0.030672103759500226
552,-0.620230270224495,0.4671922617693446
553,-0.2516427349908062,0.04543708045762606
554,-0.716894876250127,-0.08632958656114177
555,0.6662221485742018,0.06041628914043235
556,-0.17504535726805603,0.0016396812219422816
557,0.7022056766618249,0.3565397977300847
558,-0.3021581109177981,0.04688480731104837
559,-0.44532895833028846,0.2046266968499776
560,-0.23949110651582564,0.5293403926372822
561,-0.189979428264804,0.22765549638706153
562,-0.3894345062471304,0.059491396690004444
563,-0.3246751073565716,-0.00822700116096387
564,-0.3358959253847041,0.44165863357891505
565,-0.47811865597285486,0.03999162172725119
566,-0.09228272892858778,-0.18389384055578256
567,-0.42730901474357236,-0.37270640647071324
568,-0.26163842810152266,0.17811970537328004
569,0.26835566771282254,-0.20255832176822483
570,-0.699832244724072,-0.6916924881252285
571,-0.247558439274174,0.26660811913681104
572,-0.3742419455338737,-0.22541752339219184
573,-0.5461360233119195,0.6232002875924619
574,-1.0012821006519212,-0.9173392243844262
575,-0.4509662992405883,0.0069035563280271574
576,-0.06398826516610841,-0.289359585984302
577,-0.2672273072231681,0.2294242520863193
578,-0.6534844985377857,0.5510842945049966
579,0.5901238555118308,0.03379312243675021
580,0.32380184078278806,-0.2062763596727025
581,0.411141366545828,0.23109508921709412
582,0.5414680210100159,0.6496625598401268
583,0.3339168680956647,-0.13017754703253637
584,-0.3464085545316124,0.15297488335882167
585,-0.6870011002036303,-0.17581632404413777
586,0.12458792498738928,0.10933169430960912
587,-0.3203074536648348,0.09259321566812376
588,0.37121700441307676,0.1163231973930641
589,-0.08540878429525312,0.23893058901488246
590,-0.2123940333798662,-0.03303057886990254
591,-0.008311367220486645,0.5040150063129986
592,0.446776201578594,0.5294100888028768
593,0.006815970647848387,-0.1379459378316491
594,-0.38340968140938547,0.33363402683383
595,-0.23366224618064346,0.05101674151361624
596,-0.6462534390709386,0.26139940312628646
597,0.19495665975375714,0.04896129758187198
598,-0.2528498668012991,-0.6850508487530086
599,-0.49107188400270074,-0.47046812050680026
600,0.2120805223229762,0.0027619487932401482
601,0.11409265001811386,-0.0590391887322473
602,0.2562978045535544,-0.13168896064060062
603,-0.008970092503397835,-0.0162853552717229
604,0.028435519689229388,-0.4590071234557104
605,0.2735899318035653,-0.06115909527171177
606,0.22197432062914635,-0.11257992953126549
607,0.09388537249293538,0.06679938120211895
608,0.022110257569166538,-0.048832737395969425
609,0.4240907476808694,0.11845892555928195
610,0.43982360310351204,-0.04034835206760465
611,0.0658079735185092,0.11230288575233463
612,-0.13643614320942865,-0.10037708334058482
613,-0.042711854010110656,-0.13951378442885926
614,0.31785067574454906,-0.1939622247510531
615,0.642199125776361,-0.15658990738050815
616,0.12343704557591437,0.37500576086475396
617,0.13775689002390082,-0.061450579178352
618,-0.44059010937159376,0.03431178560121263
619,-0.22018644540371649,0.023134616488580076
620,0.2538908258909533,0.2324872574954537
621,-0.004263083453228675,0.18073803037503627
622,-0.6896728846972435,0.4354305293505032
623,-0.288341101096397,-0.6393209977590404
624,-0.1276732683442198,-0.09730054089778999
625,0.6522305601868499,0.5551059387635109
626,-0.5205807611820272,0.10307253547757665
627,0.04823223458844802,0.1936864325983595
628,-0.03319474485991145,0.1851044821587519
629,-0.30920561536406205,0.2770200017098215
630,0.6074870352121616,-0.01059342358870838
631,0.3818806237285494,0.18134784444863417
632,0.12004998469498449,0.06408575914474952
633,0.24615676113004115,-0.24329941358992238
634,0.6349257657102831,0.106041418207415
635,0.1650576464292827,-0.0285451979361705
636,0.2454752545341587,0.04388721202503423
637,0.09491286751760944,-0.05062949398575079
638,0.5254462683001959,0.19529523650672684
639,0.7876181171728681,-0.07052566247261179
640,0.48517575208982344,-0.11212642401983487
641,0.6136033328051169,0.03166740618080477
642,0.3020359832632701,0.3918596271406406
643,0.6474934009781517,-0.1749372632589479
644,0.34451205652895583,0.45147898640860357
645,0.5804114663924848,0.19499818468978952
646,0.8722128339428317,-0.0034660761666629515
647,0.17744862143946047,0.2625262584267466
648,0.5232611599370971,0.08091314161527888
649,0.6581780888674696,0.20703618802686555
650,-0.05304957456210929,-0.4264552222164978
651,0.5808164090943436,0.1529507014020073
652,0.638743022249724,0.12693549467301657
653,0.7396266086044279,-0.06671596276314942
654,0.06691971187058976,-0.3297721048191732
655,0.5899661514239076,0.26826450512450856
656,0.36917304082334546,-0.016422089104185834
657,-0.2080985386896641,-0.1048712851719255
658,0.12258372990283929,-0.09334425586700645
659,-0.05747332751631574,0.19106128191736327
660,0.43656948247810534,-0.34216305917260553
661,-0.3740324443754542,0.19169188703340803
662,0.4662012137320175,-0.08776312948678726
663,0.8913683102246027,-0.003521439501198107
664,0.10727868123383916,0.05885950168919714
665,0.05255764022238489,0.3997856885499524
666,-0.2512285943891767,0.4462695523021256
667,-0.16926818929004062,1.065985650512731
668,-0.25064943980514676,0.3502627264596221
669,-0.1432973143047463,0.1856117913553139
670,0.8703296244130438,-0.27447525328391575
671,0.14295611730621796,0.20476059959165102
672,-0.01950739952340193,-0.4851619413252517
673,0.08740265763833452,0.12321848629537178
674,0.511118113269257,0.25109355348178863
675,-0.1747969580569194,0.40753977612012987
676,0.043606380176508884,-0.21419750793028455
677,-0.45135010833515066,0.427756925327688
678,0.24596514762927107,0.23088566986557296
679,-0.3711312739655943,0.34724968298383363
680,-0.41287371472656226,0.8861888681147856
681,-0.4385602294149189,0.0890602036537245
682,-0.25446644328104046,0.953585954203356
683,-0.2786880810026512,-0.17984098999527043
684,-0.22955415947626204,0.1982230507636987
685,-0.05873813973797334,-0.19284828097556128
686,-0.4423332361218759,0.424362016588131
687,-0.33832339131659445,0.5739033646878802
688,-0.3101760734046137,0.016510074593058796
689,-0.04401900280805226,0.19107133432358045
690,0.2352475568337663,0.16628773139421965
691,-0.8047778010229459,-0.2004964491921324
692,0.5155715285194068,-0.36540072761421344
693,0.4593025046131106,0.31489195521881164
694,0.17270691037888003,0.385278620928381
695,-0.09948807837725969,0.0710389936594833
696,0.2577880564615416,0.516205850441095
697,-0.11397128236513951,0.511375637986839
698,-0.08893527121472478,0.21864750578553818
699,-0.020070284485546874,0.2822720238315231
700,0.16021875670338073,0.008592767478087841
701,0.332753731031394,-0.1682137046911531
702,0.01250952609780213,0.2219188928085734
703,0.05685541075344336,0.06314489284632613
704,0.08361642863553152,-0.28032438673928883
705,-0.017222172313160256,-0.02936132840908964
706,0.27932238865011355,0.36777128785740787
707,0.5822834291141396,0.3683975207555259
708,0.4520568741805091,0.5070646422096352
709,-0.1467928127731666,-0.2516840657259208
710,0.12098939345809963,-0.5888181655174672
711,0.00014357682822417224,0.10719281369313198
712,0.3548110251290336,-0.4992590906617167
713,0.21773803913879872,0.3567431725912563
714,0.8727783150689002,0.013301816310124616
715,-0.0029584609893143826,0.7708100390943378
716,-0.7441218329878023,0.12523222933557945
717,0.5956753780210235,-0.2983839243657158
718,-0.0527263456645148,0.5984234325479092
719,-0.8556614209775864,0.4463622138371323
720,-0.008978817392406406,-0.08895801820704126
721,-0.09427255232273596,-0.0545861714501577
722,-0.14824676244588048,0.579062133581017
723,0.04631577838790522,-0.10651680821549972
724,-0.32550119662358445,0.5054662228041502
725,-0.21995296186377428,0.33215422721158516
726,-0.13024466140255292,0.3666788645656195
727,-0.5135971791707712,0.11582309249889962
728,-0.46678140041048255,-0.29459906742829944
729,0.49331304262029385,0.23170890684449422
730,-0.49882460850434096,-0.14834278102925003
731,-0.4903357045047123,-0.37599639375869703
732,0.22924155753700712,0.145009631599049
733,-0.47889067214150843,0.27070317172468294
734,-0.07123540144665401,-0.04586541757805933
735,-0.17874042580656024,-0.42468057775110446
736,0.5872612559786264,-0.43828563077957156
737,-0.20224099234704612,0.5133500160685929
738,-0.7575469920356667,-0.052962844868601484
739,-0.02913455114556891,0.25393174836284177
740,0.3285209463007715,0.0395918064284095
741,-0.5270772469440547,0.1743572479705975
742,0.3095482848337556,0.32393386113378403
743,0.15917803217119633,0.3103401541710793
744,0.28524976977792077,0.6506493070150228
745,-0.31378583448078207,0.10060997354315736
746,0.1194814244778352,0.3777333913848927
747,-0.6761456128419389,0.3545726634697495
748,-0.24860221008547598,0.3426859849871837
749,0.15829325650924272,-0.33589035554374524
750,-0.16835768339251825,-0.34265919996111466
751,-0.12246227605059704,0.21859955411912732
752,0.44982636815875654,0.4692811801814467
753,-0.28102462001295087,0.23017684358918505
754,-0.58923259145908,-0.07390803021759823
755,-0.4392186439545061,0.27853250952054726
756,0.24039791899155902,0.34158400673702927
757,-0.3217343477689587,-0.22838609831991508
758,-0.6090614464167486,0.36554774416262786
759,-0.26925611011618594,0.5477178625650676
760,-0.2534345725200923,0.1666591591839766
761,0.17540789564699621,-0.1194724317142975
762,-0.1552324228805134,-0.10316729305996532
763,-0.09935033912985376,0.19920016596985185
764,-0.16750901079825833,-0.06316433033486306
765,0.3360862795700046,-0.17247838768926363
766,0.29964422141184005,0.3644161860503241
767,-0.4144780824268343,0.08954524595768226
768,-0.7595900591164202,0.7444737636586695
769,0.567295997222487,0.24023354577792186
770,-0.03978194170708015,0.21344253684859496
771,0.49168289169215923,0.643710698902197
772,0.7085752385617641,-0.1002185973228077
773,-0.5881611474918013,0.9813019605511174
774,-0.4757836758828993,0.41555073474647414
775,-0.16481769022507284,0.8294861791435463
776,0.07271784160974315,0.15405470529092033
777,0.1912662283962326,0.23565878116755984
778,-0.42886417188046433,0.26282655059103294
779,-0.161681386948245,-0.15902285993930035
780,-0.4179483074524881,-0.4950896392092744
781,0.21164629255875145,0.45698051943508294
782,-0.7984794775491582,0.3662116803792238
783,0.347180075483912,0.018454975002980555
784,-0.38262668504209935,0.28155823046051554
785,0.16355765227170685,-0.0801570886582882
786,-0.04241375304896755,-0.19254205613472866
787,-0.4599339760816373,0.06569033568192294
788,0.40196624938537007,0.08141038848132504
789,-0.20032708191848672,-0.08768827752926803
790,0.17528200552627263,0.20954684602861623
791,0.5124094603248653,-0.35107356757828595
792,0.3711771788200047,0.6116989534409156
793,-0.5251592224142894,-0.35308068881831134
794,-0.7766346637383207,0.21131358296455646
795,-0.6663937206716415,0.013476945850149868
796,-0.3629850152909947,0.43110634008010473
797,0.4579358249203213,0.25795570636347737
798,0.3513836537879892,0.5311171802842926
799,-0.3356561481529898,0.7201270260954664
800,-0.11174749213472777,0.22139607783578427
801,-0.6289811108149093,-0.05265386597528121
802,0.0985981901000573,0.29022708775225126
803,0.053981368215494034,0.2533695190881175
804,0.13053747657678277,-0.25544316493063846
805,0.20767449183815015,-0.1367026290377925
806,0.10392753883171686,0.3559517585654392
807,-0.41329230614776663,0.11156354042340572
808,-0.5970360604915901,0.43191205888685374
809,-0.08008296128627304,0.33106474074703174
810,0.0944134976630116,0.27620550124122034
811,-0.5269161776309013,0.46191922411990866
812,0.5813851560412591,0.510979566548673
813,-0.02415475579959175,-0.14050597791048527
814,-0.4922531791900041,0.3580739373612701
815,-0.12811069792572072,-0.043005059593104036
816,-0.3707293673790713,-0.04716697279503444
817,0.4056348853537553,0.34744298497132897
818,-0.6012790729425026,0.028651244330737007
819,-0.20014235453826618,0.08696442117154476
820,-0.5751508422836108,0.4477392514274497
821,-0.018868056351429564,-0.026863306925159595
822,-0.04422861230280128,0.29472377165628755
823,0.21352075672472126,-0.05738188722394773
824,-0.4202753349519964,0.523121289074292
825,-0.21947317246316853,0.3275560084026518
826,-0.39736712134970786,0.34652588137409784
827,-0.7505977081670051,0.6493832527153689
828,-0.3328359934487025,0.09750723281756542
829,0.2628154448921045,0.6085303724131215
830,0.19597336879294772,0.059830287044202776
831,0.18259414965489137,-0.6355544527079693
832,-0.2683421605741935,-0.180463324350031
833,-0.4791696769736313,-0.2856737728191594
834,0.5553923797560608,-0.10147492481616664
835,0.2566969551469203,0.31107132945155175
836,0.08269789613730187,-0.3897519295748261
837,-0.1776259110517129,-0.4676722494440167
838,-0.42477742433618665,0.6780092918036392
839,-0.11449013789592695,0.31504724954142427
840,-0.4598624752984896,0.34013944559671777
841,-0.41423289114262146,-0.5381379607733615
842,0.043900387687232624,-0.2896020853141633
843,0.7650150717986878,0.28523210716576997
844,-0.2846612295776158,0.1437814322204592
845,-0.38778854437006155,0.39091743112523614
846,0.3423157392150598,0.2201206745713799
847,0.16268005073307243,-0.3070455045908449
848,-0.1771154765539711,0.15215607896635286
849,0.12454433958292797,-0.17163863190965703
850,0.5692094561419367,0.7441128308387587
851,0.13190710859219848,-0.05355697345218151
852,0.4618689332980218,0.05779005087189784
853,0.8596304140352592,-0.31394935714608696
854,0.31053077763642845,0.6246991030573014
855,0.8673625991310984,0.44394450333283153
856,0.07252353554765673,0.08269149729816598
857,-0.35230996395169917,0.3340565539738681
858,0.35468587662589746,0.5923338186693289
859,-0.3320970931259918,0.255384502940024
860,0.3423115735428763,0.07555118656333924
861,-0.6489643900080673,-0.09611110516537608
862,0.05685436858137023,0.16735218026481197
863,-0.3547996760453458,0.2108312806891395
864,0.7740211464544314,0.09983294395472474
865,-0.6060033730542511,0.05473951444639846
866,-0.17334187734592144,0.5537393711426973
867,0.21219210612494815,-0.19229511542479452
868,-0.5489406047985226,-0.029918539555977574
869,-0.03976011363636144,-0.48248128097068027
870,-0.34561875616249665,0.23999756147579654
871,0.1867882153557808,-0.21047097892609323
872,-0.520524997147479,-0.0002435000828456997
873,0.3549607810197895,0.19859482921043153
874,0.2771981947780503,-0.11970519706719018
875,-0.060149933389460675,0.3352939358594878
876,0.2504571505476578,0.42252505206631785
877,-0.31681470836126097,0.9331749291498901
878,-0.3382469157560743,0.28059070591873003
879,0.26655612651001576,-0.469352007307657
880,-0.12531192872909067,0.2606843763861886
881,0.3953787669481417,0.11569350462314291
882,0.23374077819068023,0.102774723492849
883,0.6206819908811356,0.548063338604218
884,-0.07344778852761079,0.5364063772101944
885,0.20211297528278035,0.1528563717229282
886,0.45854687009919026,-0.027163780479481602
887,0.01567850333442748,0.14335580536175724
888,0.22619619336503655,0.2922536231120984
889,-0.3076705815297874,-0.06685935017196944
890,0.04942601059817699,0.1408421453451877
891,-0.06500696834533015,0.711053429134126
892,-1.1074357711936287,0.28159100717804453
893,-0.5509212442161957,0.5738090162869595
894,-0.4251522971434104,-0.3077501654053544
895,0.3516608925753112,0.42992034193383666
896,-0.44606282288274507,-0.2305735962524982
897,0.1930669380191995,1.1234763659443563
898,0.1689184020272306,0.29360551883097447
899,0.0031035432106601766,0.03901106784690494
900,-0.07400515908980261,0.5677499750463686
901,0.45254195608792414,0.08026356846351708
902,0.07717111634753991,-0.05206263841892756
903,0.10083439672111467,0.7321260787394098
904,-0.588452863141088,-0.2951862389496375
905,0.6838161786751633,-0.3733139070315349
906,0.3635564912585657,0.47175623160589397
907,-0.03372439728115813,0.23748861771480645
908,0.2102418033156171,-0.08942870771769827
909,0.1189967689369976,0.33023616501190606
910,-0.3576035713463675,0.010797710817911373
911,-0.15691141289391292,0.17083488922325085
912,-0.23762125306874599,0.5494450963919183
913,-0.14739293125095057,0.05880831352497813
914,0.03479847536989023,-0.09484219129174169
915,-0.053800815217257936,0.3639477316319397
916,0.12896936529980116,-0.028963064713368826
917,-0.4522945986194087,-0.09000287656704879
918,0.7589425319467877,0.17652111268763446
919,0.34372886447471324,0.3744802381318573
920,0.36745805605596055,0.6981708290859451
921,0.7497058350694853,0.2963143385518259
922,0.4865862034628435,0.24405009049490337
923,-0.35645667987975166,0.02996424410965837
924,-0.3048136356008603,0.3991393532857053
925,-0.704227632307029,0.3203413198300855
926,0.3427225851811252,0.24005135807348435
927,-0.4870680342868728,0.35952242760453923
928,0.02148563189771207,0.5737072415964508
929,-0.4973157213268257,0.6238088175127715
930,-0.1164510536403715,0.17620394253096586
931,-0.7536278439623367,0.4394724667970703
932,0.4906809878978785,0.29872448532142803
933,-0.6086347866063445,0.1411610204783389
934,0.20019845333419325,-0.1034430108184738
935,0.0799366600860753,-0.42149141697255693
936,-0.1860098945408929,0.21023025003716153
937,0.017538321846704712,0.5892018816460535
938,-0.4487339574900147,-0.08184065315898778
939,0.0847241398546137,0.03236795616943086
940,-0.36481807269595323,0.5795202674584573
941,0.23378098441511372,0.18719550915413286
942,0.1644692958039852,0.33516606637785884
943,-0.6763308120586458,0.4222749919011153
944,0.00846107850092199,0.13106034618511964
945,-0.49155151581258,-0.19165191005442295
946,0.4619117577341975,0.18262138151406612
947,-0.1928689697950032,0.1668256589714474
948,-0.06866224218518728,-0.31710232070883765
949,-0.11578402542915643,0.05702191625536577
950,-0.4185699395892416,-0.11297657086452137
951,0.7470130134328317,-0.2121700346913706
952,0.17728364674269503,0.03492702194813294
953,-0.25766244492490875,-0.00045976792000191697
954,0.36047363342664096,-0.38886500100214033
955,0.5645088943753362,-0.040301444253632024
956,0.35516429700878,0.7743952425727655
957,0.26991489108807876,0.5513795480582281
958,0.2048441639040737,-0.0038641838119939055
959,0.28303895092642795,0.21039544348606584
960,0.9007586849330562,0.024659720692617095
961,0.4834037716479077,0.6933071880358553
962,0.08778760399461831,0.046596380803185074
963,0.7068347817849834,0.20386742857629495
964,0.24855381271609073,0.44383415579723273
965,-0.43587816683728114,0.015432152499097213
966,0.1367055597870161,-0.1936226407023043
967,0.4658269175470551,-0.11676358066498223
968,-0.12024640221201073,-0.17702179807911486
969,0.6857566911879481,0.22222729595734902
970,0.30030506585914235,0.07993502886317569
971,0.38935456120356965,0.3621518034783569
972,0.4214679196664585,-0.0787804404044329
973,-0.4644373278202798,0.29925565207074994
974,-0.2975503674990758,-0.0862025218061206
975,-0.6389512705810585,0.38799367959123215
976,-0.47190161819910004,0.05750028122635963
977,-0.07085140723878008,0.8637635477911423
978,-0.30558164475258764,0.17103356503552453
979,0.6776957973378709,0.263310890461245
980,-0.6546900525079891,0.38304715016872626
981,-0.3195618464001527,0.5370516563910754
982,-0.4831099599991849,0.40855831998628106
983,-0.6771444922689048,0.7395048225171196
984,-0.3049449518478209,-0.18267247076204807
985,-1.004312484637713,0.5198831839028814
986,0.12740261003256642,-0.12908124697971554
987,-0.6284126224567713,0.469043950383359
988,-0.19995268225644244,0.6248307328948545
989,0.10958955188560293,0.8199883665308489
990,0.40224448932256957,0.5431146837674002
991,0.023880422015758535,0.3172788078170632
992,-0.03016180872241585,-0.12083966121797216
993,0.40151642104334906,-0.060459641795598075
994,0.2340354399727107,0.1730457489705135
995,-0.6644718218840289,0.14466249963847458
996,0.4969655079968619,0.01936964570829526
997,0.4174869644720255,0.24382973142595163
998,-0.2673655418845299,0.5289707487071691
999,-0.21348436336357074,-0.11950378181493229
1000,-0.2330605392451692,0.5375051499154225
1001,-0.24897493813767732,0.18632998949669716
1002,-0.1829627090918803,0.12290615702812988
1003,-0.1795131001648828,0.4680731424374531
1004,0.8019501251832104,0.42258082900526084
1005,0.2951909179432948,0.056930270527340315
1006,-0.027450536084784375,-0.009748663055251825
1007,0.9896210954096009,0.23265441002172918
1008,0.4178620682557728,0.5627041204622772
1009,0.2882418701762078,0.1097819544512547
1010,0.37313652346473464,-0.03644249741709518
1011,-0.07714307777660691,-0.17312804692762895
1012,0.06147427971902559,0.5704679230886603
1013,0.22817654907197207,0.16235936317317995
1014,0.0055641023191964735,-0.5806504428103324
1015,-0.6656145936949834,0.0636673279435173
1016,0.7325611946518064,-0.026632695131945133
1017,0.0429811646133424,0.23025514320425317
1018,-0.10696329785372148,0.6634234999134059
1019,0.2631937050046419,-0.15572699132141038
1020,0.8986735830940572,0.06420777353033205
1021,0.30742367045998853,0.6041751196537029
1022,-0.5511009361670522,0.3527874685045487
1023,0.779162157020487,0.32343318748920996
1024,-0.4248444345852101,0.26252441985912367
1025,0.5760548898103978,0.23873103974065424
1026,0.08511244013325306,0.866684155478541
1027,-0.4574436646908207,0.38740227259053783
1028,-0.3380602248929086,0.3727176508141785
1029,-0.5216370887792238,0.24243961392797625
1030,-0.5071106545825381,0.39164267262777686
1031,-0.9413858221264981,0.15247646639851475
1032,-0.24880090983287043,0.7292726660584387
1033,-0.20358301633292625,0.7234360479576827
1034,-0.3404890551560703,0.41663518387819576
1035,-0.19860210862261501,0.5650394200755228
1036,-0.4664174310294116,-0.32619857190925095
1037,0.018802201134667212,-0.0033938000981449347
1038,0.022956731644466058,0.04691102572638448
1039,-0.49392597274618616,0.6019835561703236
1040,-0.610459640477819,-0.31532633014622996
1041,-0.48888687003179593,0.5535593289615621
1042,0.12597515695025197,0.587249150743217
1043,-0.6534283767409693,-0.022126929957612743
1044,0.5819164458955216,0.3990035812012685
1045,-0.4730934053642717,-0.005865289794623793
1046,-0.5004308747884832,0.19487225412624118
1047,0.3056572525678147,0.17580212597927944
1048,-0.5852736965277139,0.15641162774374137
1049,-0.0719376703101829,-0.11997419981606022
1050,-0.209600715968136,0.4627794506043927
1051,0.1394605377407124,0.7512832960056439
1052,-0.6722167246452322,-0.5164412631639494
1053,-0.020221953389172546,0.5761533247542723
1054,-0.4609429791567551,-0.2591927785458889
1055,0.5386572572271129,0.40833078157896985
1056,0.5142780512421186,-0.19187467563296362
1057,0.008755964967842334,0.2101972487155377
1058,0.04720971783690628,-0.1359472980432107
1059,-0.06897740130589845,0.012973225471775663
1060,-0.3702351380399413,0.7077108061312826
1061,0.1558639241956409,0.06128075341962095
1062,-0.3352895240560944,-0.7303656331079182
1063,0.12145595001360979,-0.08227008692897256
1064,0.7321200598336157,0.3663888088904717
1065,-0.052482823332286516,0.7497362355268148
1066,0.38498910168810363,-0.5148071983766885
1067,0.2524286668787112,-0.026278539308547965
1068,0.5274782731283615,0.04392703350215015
1069,0.662246089391255,0.11442568387404263
1070,0.4531952238399863,0.520503003418804
1071,-0.29200979522947684,0.342326667191599
1072,0.6137266287833113,0.30496422878682217
1073,-0.31991356503026086,-0.07572671150382661
1074,-0.6381493248611085,0.052383197697501806
1075,-0.25570080667519157,0.006310823138273974
1076,0.2733176989155674,-0.03196629939153995
1077,-0.6719753533458406,0.3248218155905989
1078,-0.13222566902259011,0.6770549555417568
1079,0.22533567347410619,-0.16582020379461565
1080,0.3897946698473128,-0.13348092156331368
1081,-0.32529379116103696,0.17121898094207544
1082,0.4876226539498465,-0.04087194640824496
1083,0.4310873191622827,0.49846159929278666
1084,1.0941775431683052,0.6057205294348758
1085,-0.10449930443660234,0.6489308728929474
1086,0.2957128061326803,0.3212964696458823
1087,-0.18417042925968746,0.4561018896395938
1088,-0.21116894256998492,0.49685469892711365
1089,-0.7034177313907848,0.500994705395046
1090,-0.2677061530086501,0.13562188000538705
1091,-0.14130323809465412,0.294874545477424
1092,0.4362885222666614,0.40546460558438346
1093,0.11072304009403398,0.49727310731730634
1094,-0.3681455657116337,0.20549611364563375
1095,0.4340872159237381,-0.22025436971332896
1096,0.738588046783636,0.6547011247968902
1097,0.3880391099813661,0.15448339377422374
1098,0.5055600520395003,0.5039289060687638
1099,0.45329323180793857,0.12501129175146614
1100,0.1340492741103234,0.14327998480211018
1101,-0.29674350484460366,0.1352335675715123
1102,0.7398497952403627,-0.10736564195090229
1103,0.6148857878611531,0.1369407051083797
1104,-0.6913923368425788,0.2581331521220879
1105,0.22086879893405054,0.04119482094997249
1106,-0.2445422962668316,0.5655727179462384
1107,0.3029597245295264,0.39916461625284766
1108,0.3905065706165025,0.4263244127862213
1109,0.3994793310787648,0.63245655190902
1110,0.628510308017722,0.258136160591531
1111,-0.37457969146456416,0.2551117092823814
1112,0.6993945423314314,0.14222520247344198
1113,0.5286627726666412,0.337853670185203
1114,0.15043704096214394,-0.19479264801938456
1115,0.4311908826707635,-0.043392534802559245
1116,-0.15689252566534245,-0.5220786187614594
1117,0.4765861437406232,0.14498127101245847
1118,-0.19377182435474294,-0.056559990581730044
1119,0.28012055132376534,0.6114718687148996
1120,0.2267003303595532,0.19743371399545828
1121,0.03799117591198999,0.2256537356703872
1122,0.04951770142940861,-0.063816059260725
1123,0.06260133250944291,-0.1711059571654552
1124,0.1731659742460439,-0.3722187185773948
1125,0.7693388465344345,-0.4444219594283145
1126,-0.08998796741475004,-1.0265221840227727
1127,0.6048411173692929,0.5309405036439275
1128,0.4520131412597951,0.16551612765566145
1129,0.21033503322528263,-0.3901756118345287
1130,-0.1715977923416568,0.3249952278794478
1131,0.05915545951672834,-0.11194153977404481
1132,0.09046492935768084,0.10854588110888967
1133,-0.01896841287417034,-0.3410586372453183
1134,-0.5650918846156906,-0.08049326056643155
1135,-0.24683040940115314,0.4550786313762552
1136,0.3958339144704078,0.23144899238332356
1137,-0.08031925315326503,-0.09133408872498154
1138,-0.361943497065394,0.1613664480853288
1139,0.3421239994192555,0.36817527246525406
1140,0.020491152467503812,-0.1840273362210446
1141,0.47059780655256456,-0.6632468966853102
1142,0.7282115546683883,-0.2875639676412901
1143,0.10957084222521656,-0.04337181091298982
1144,-0.7483873831078381,0.042684363252777455
1145,-0.07210538721982546,0.04035624662230972
1146,0.10740284196518105,0.13965757108118876
1147,0.595945494329775,0.19427261758118405
1148,0.22639391084845847,0.1320559900281857
1149,0.21449541287079335,0.3146253978322743
1150,-0.15171315804412855,0.08034473017007684
1151,-0.7166379243062434,-0.05501618953229642
1152,-0.279259934660067,0.2996506289137172
1153,0.9873690380417415,-0.16405142219491967
1154,-0.7767814852465611,0.2801403134960044
1155,0.02895090839050688,-0.0039355329505992576
1156,-0.6221957582698033,0.21840933044802396
1157,0.6398230342466261,0.06045029403759585
1158,0.3321173578273632,0.7464394356457535
1159,-0.5161755546056509,0.8590157095876669
1160,0.11892357392526523,-0.23698488920470706
1161,0.11054938125207614,0.030274658897755078
1162,-0.015847514396178354,0.7902393632010063
1163,-0.26563506640386314,-0.10776383434722779
1164,-0.37611483188366784,0.33723135909174656
1165,-0.6897123479856422,0.5754750416933211
1166,-0.13492717847128563,0.6754687767613387
1167,0.03912087316293945,0.3828517042040844
1168,-0.004006694807854368,-0.005018807414253012
1169,0.7488922527897874,0.12265369977645434
1170,0.3630453228916769,0.5463184038477038
1171,0.12914912139800974,-0.19613609728273532
1172,0.006943717562830832,-0.12775797115644458
1173,0.7425874695984149,0.14542387336463072
1174,0.9063689129532798,0.6971203431949136
1175,0.1274334714297534,-0.10740765577080928
1176,0.38652962106373484,-0.3696584687635893
1177,-0.20536199967718813,0.20104835418524614
1178,-0.5696451684525067,0.5909019478383508
1179,-0.4932480439796819,0.34273574991251754
1180,-0.11752951682104948,-0.8037458567281583
1181,-0.028610756500274608,-0.022510838461348257
1182,0.22056178926499898,-0.07060736958961368
1183,-0.31294812906049985,0.410462247876113
1184,-0.285027526996618,0.17631912721269585
1185,0.005269734416420545,0.18147275533971283
1186,1.0378687113655576,0.24096892307627701
1187,-0.15259925636662383,-0.0475545024935325
1188,-0.00044207854214591046,-0.16290795695414578
1189,-0.3839295545456265,0.09027891980497725
1190,-0.07312515867181048,-0.05582065272378926
1191,-0.21454421885767688,0.1084346497305184
1192,0.4910287623958464,0.6346564422434812
1193,-0.14993589010886932,-0.10076536832717839
1194,0.5673489325129176,0.44870260249792676
1195,0.20988720258531562,-0.4243308662278457
1196,0.03258012468548449,-0.06328648649629372
1197,0.24424885865556925,0.022032369233133915
1198,0.5586849162895876,-0.21168019726884893
1199,0.6152206033464548,0.28394380026665245
1200,-0.005470521377220415,-0.019451565536169228
1201,0.5474180969157222,-0.11976631381761244
1202,0.5367754441182376,-0.23925790712910447
1203,0.5114281299607998,-0.03683923036171456
1204,-0.05280616191606369,0.12600600739053308
1205,-0.04749519134242212,0.43309794853722283
1206,-0.05777055054536146,0.4737283918885321
1207,0.4695079759801311,0.09977628378997794
1208,-0.9583454710908146,-0.13025500341220475
1209,-0.5202693687767971,0.32499484899854436
1210,0.4328621925274541,0.4027459263045046
1211,-0.20341793024335536,0.18201788880012298
1212,-0.25490323236035056,0.027508175901204097
1213,0.008168215925975452,-0.5410813951518436
1214,-0.10880327867308012,0.40325072525516914
1215,0.2923915120019432,-0.13638169618585796
1216,-0.7713433889987397,0.4235663337201493
1217,-0.45790801151460186,-0.1303177030796134
1218,0.19790716581091317,0.423861145716771
1219,-0.7922703888704997,0.18447272150165384
1220,-0.03851814850703418,0.6654321253280665
1221,0.132538875319349,0.30801412223935076
1222,0.028739425227348465,-0.12092286049482025
1223,-0.025030905832935955,0.12273752318968936
1224,-0.22902647030700898,0.105129524526294
1225,0.0979412127781952,-0.11304953356964956
1226,-0.5248750647967318,-0.8764796434769445
1227,-0.6581151528789428,0.19098937424053852
1228,-0.14009774873994757,0.19650972156969265
1229,0.24631339222077678,-0.0023282007605482796
1230,0.0032764786111564733,0.26048072366339314
1231,-0.21911006675591588,0.3982143782294967
1232,0.09238598944053787,0.43552045123347977
1233,0.04828478818881452,-0.22030693457318257
1234,0.25500138908823805,0.07135949282415296
1235,0.24331565936757263,-0.21325641939513504
1236,-0.12954651135354306,-0.2538103962694636
1237,0.14725858786546078,-0.1759413252803209
1238,-0.7255779564299286,0.6933832589739884
1239,0.6074637943911118,0.6991392894132094
1240,-0.2892382965198383,-0.4185348120077279
1241,-0.7403691263764662,0.533687260541494
1242,-0.0989514554204674,-0.17239943977268582
1243,-0.2820618388407059,0.2213117576725208
1244,0.32796031230885847,0.5050763872563319
1245,-0.19162523556416586,-0.08557818798196949
1246,0.014083166019372935,0.15542075157773277
1247,0.18249441708572112,0.27189104327515407
1248,-0.2652422290156697,0.46202012561124006
1249,-0.14679637816959587,0.28112773663150264
1250,0.02877797892355501,-0.03479037406494368
1251,0.49632355980521553,0.5413485423742846
1252,-0.7297424448371675,0.4092734549394562
1253,0.10978597793285033,-0.3181351069612904
1254,0.07284739021727925,0.31010345005002554
1255,-0.21542152633642864,0.059967763634015396
1256,0.01684431057206153,0.3473334917403578
1257,-0.5715065343234392,0.055196979059931754
1258,-0.16514457564453097,-0.09091451866525221
1259,-0.11583064206691034,0.8492385312783977
1260,0.5220335640805062,0.238987240613718
1261,-0.04102942635811837,-0.1543767743185458
1262,0.3987024898061739,0.42697652588677254
1263,-0.30811785750463583,-0.2028200578600561
1264,-0.43883304888632374,0.42391096158518443
1265,0.4856687156334925,0.6817409691438793
1266,0.20867971901231186,0.09873752177192312
1267,0.5714645893007048,0.035653646764086014
1268,-0.23083207257102742,-0.19824626621763608
1269,-0.18840526559410728,0.3701755269841281
1270,-0.35704529073435687,0.0870456105759249
1271,0.5309322268347183,0.16211974335560567
1272,-0.479539611707392,0.15751489818108103
1273,-0.08670160501768162,-0.10985960232869088
1274,0.3353936183309655,0.44365782913187984
1275,-0.10274495771972039,0.1639502803309368
1276,0.10474958956998803,0.16319114045912805
1277,-0.49843292944307266,0.3153555766429604
1278,0.055234340473523755,0.12799472294874356
1279,0.34052116274386923,0.23960224402755376
1280,0.18041065439202641,-0.049585855138742314
1281,0.3324226484769243,0.18136197592473607
1282,-0.27632537572000426,0.767501929675783
1283,0.029441401733191673,0.2122654326860857
1284,-0.2283164853133157,-0.11567957897860366
1285,0.4231097089351249,-0.06650643317650579
1286,-0.23308969858167242,-0.07895320594546212
1287,0.1386493572250189,0.42251109301609574
1288,-0.3922818447599026,0.23927179175073363
1289,0.025862399405583457,-0.12159464528628577
1290,0.16532158541829337,0.0902520874446942
1291,-0.0013923619402387304,0.22936203767706176
1292,-0.2084285418226389,-0.18956112770575118
1293,-0.5673762868577883,-0.2091937782331789
1294,-0.14077906324686024,0.3147512973175898
1295,0.1306161366104721,0.4841186469257419
1296,-0.23971554548489418,0.3712573372902347
1297,0.19231931607937436,0.4047784116806595
1298,0.6402131620825833,0.0981853908050782
1299,-0.40049377041823686,0.035941675711059023
1300,-0.2555706185903437,-0.2065816358111788
1301,0.6184155671716559,-0.05609646701571214
1302,-0.03930193770573909,0.185750175448236
1303,0.5248107604492324,0.1773425086938558
1304,-0.04803144994271502,-0.0265084808294801
1305,0.8515101565434925,0.6021384684716647
1306,0.2666645565051879,-0.058600352367635486
1307,0.19586729349752785,0.593697281772572
1308,0.16739634306637835,0.10825994017399666
1309,0.06576316240650519,-0.3192905566896895
1310,-0.06180658584806185,0.06421696909433802
1311,-0.11703260178901502,0.21751877646837278
1312,0.5778239596274711,0.7457603693040513
1313,-0.14657774053632555,0.5017149285916223
1314,-0.12083130615350221,0.3827265288104155
1315,-0.6416434636904083,-0.1787443226843915
1316,0.6755636243739601,0.13433908766618682
1317,-0.21492297863216012,0.17225832566890747
1318,-0.7071459465185751,0.22547071672422656
1319,-0.07885818074935701,-0.05081995616161323
1320,0.5838582357075937,-0.27448391003368944
1321,-0.004035682629867027,0.051215766160391085
1322,0.4664142301982081,0.13360323651318326
1323,0.09593583289934753,0.06478923622710489
1324,-0.2573344910372578,0.26460926436364984
1325,0.3382456383391635,0.06048057345944986
1326,0.6712328327108839,-0.015341561151514733
1327,0.280838310198011,0.6161799491941622
1328,0.36550043989579195,-0.03099035118410994
1329,0.25115677523725904,-0.29617218701097964
1330,0.703631209472964,0.3647566295663653
1331,0.10728169999182839,-0.6583386807929218
1332,0.6175521550600863,0.07168526973245067
1333,0.5992995896270062,-0.20810146576085492
1334,0.33930896189870613,0.008242239016156803
1335,-0.27788741014365487,0.4616041000569856
1336,-0.3792564827931904,0.35805465206723713
1337,0.4021479460006796,-0.1926718647810086
1338,0.3014276079014305,-0.09707553949794884
1339,0.17845980494914643,-0.35561633734004605
1340,0.49032695971242823,0.08908373275405194
1341,0.18310730772537567,-0.05851240205554135
1342,0.3334389617481004,0.4432731704139184
1343,0.034751768903422825,-0.10520831200587007
1344,0.03356402318772809,-0.07052341687275955
1345,0.4916153936135597,0.4675866819083957
1346,0.5347579482089438,0.21707582405261466
1347,0.2770865792549975,0.0375379944218321
1348,-0.3386796000904609,0.3926117659809271
1349,0.09423343839542156,-0.19072572605571356
1350,0.43777713592715317,0.33367008464940395
1351,0.05341179064277254,-0.02259812038155737
1352,0.43397873669575737,0.45680044277735093
1353,-0.15930538464471453,-0.22506806626325915
1354,0.01784309486310212,-0.24010510412614522
1355,0.15537945079111076,0.03793601745769959
1356,0.010956264007548826,-0.31311811151347596
1357,0.1602655740375637,-0.36947027965187484
1358,0.513423312422644,0.19210134324931
1359,0.18633994812909813,0.2303648556022045
1360,0.3717360038889383,0.3489274042310714
1361,0.1692924939181596,-0.09942130626322537
1362,0.5621472015678769,-0.18628080827494956
1363,0.4877985366577166,-0.27026545777191424
1364,-0.022177973263345717,-0.27068697474668235
1365,0.08873002985897581,0.39312170723721884
1366,0.5643387561998227,0.05729754515559864
1367,0.4441162883531033,-0.2800637724601006
1368,0.3216542312960922,0.008902657406372664
1369,0.21659182003033153,-0.10189298162110587
1370,-0.25694897627284446,-0.23954774542984628
1371,0.32471966809275554,-0.18808431536911216
1372,-0.3758776948270285,-0.32272975595323083
1373,0.05136194615109607,0.6114442813929019
1374,0.3817732591722114,0.08780233566603932
1375,-0.07444179529161453,-0.1738353330866554
1376,0.2116395854555197,0.5707216090938921
1377,0.545784516323823,-0.09156891222329293
1378,0.19730498039529146,0.21870731160072582
1379,0.1740818669923938,0.29696685045249227
1380,0.06163166296934748,-0.32886513926615946
1381,0.22985711606026318,0.292473883561606
1382,-0.07676567011308587,0.054078471477741315
1383,0.2699415386393464,0.06561780884098692
1384,0.5318435024213152,-0.08193570681799495
1385,0.5320981083301979,0.6509092349327009
1386,0.24979095212374905,0.019426483554376255
1387,0.7998376256020272,-0.08297725937159674
1388,-0.11847176281411108,0.3863697171998127
1389,0.13348486279824237,0.024844513137063248
1390,0.42527443319656727,0.4600179178321032
1391,-0.2822845378208934,0.07992026055915191
1392,-0.41168053018170897,0.355909805096038
1393,0.5607397472504131,0.4391062236581976
1394,0.5244638557131778,-0.19362266486540183
1395,0.14197217973561055,-0.17639185611026534
1396,0.2733881385238069,-0.21274428800064427
1397,-0.13192255782333226,0.01771822555473688
1398,0.4896102560272772,0.28766297919681777
1399,-0.290520372559468,0.5757731966023286
1400,0.413576320534676,0.4412976969904206
1401,0.3489770696394052,0.44652405908447673
1402,0.04742414117371727,0.044008065783662856
1403,0.5482436434106112,0.059756375818601264
1404,1.0518390887061535,0.18017679436686548
1405,0.11638948892242915,0.16642167240781935
1406,-0.3727889677887772,0.5632314233241041
1407,-0.25752945747089795,-0.15513722769351307
1408,-0.29841473380751915,0.49498642049307817
1409,0.12492309311691363,-0.0630546463211231
1410,0.6342854054430752,-0.339534083090992
1411,0.1833343229156927,-0.31037332605896206
1412,-0.3213013280012734,-0.004137124482543595
1413,0.3874003822639493,0.3548617349416108
1414,-0.35046379983554443,0.8101071316776285
1415,-0.3197430736260786,0.04136378564803811
1416,0.1651196855197775,-0.19962423088510978
1417,-0.27321882684476184,0.5171854715478089
1418,0.03360759881795824,-0.1433085176040346
1419,0.4379674446453249,-0.22631108701475977
1420,0.04441006392468125,0.786394311733392
1421,0.31871757043183546,0.16900119534558086
1422,0.5426535422877822,0.08115844138412905
1423,0.4709907399178731,0.16712353165543262
1424,-0.025735487107096448,-0.008151790157955205
1425,-0.11009267009566617,0.7228112556578218
1426,-0.7891471827758135,0.10811665516974447
1427,0.6602889228182349,0.4565851363689145
1428,0.3052928283385913,0.5674855091862754
1429,-0.015436743308941936,0.26977084866214524
1430,0.35782444039511835,0.4318974288002712
1431,0.17547243292137546,0.18144023280693877
1432,0.2767720047946519,0.4828725359287432
1433,0.8311201316764614,-0.06261036484507096
1434,0.45564085025487155,0.030380219045340114
1435,0.1252374629099455,-0.18243621638254542
1436,0.14713657841795072,-0.04649332577897501
1437,-0.04993327166780592,0.281118872466537
1438,0.0422291077409591,0.3194646327686273
1439,-0.07784109783800236,0.3005487056573947
1440,-0.2250048598939953,0.35412533573315724
1441,-0.13080209226353426,-0.11914364295689345
1442,-0.4447933540692184,-0.08108951299433394
1443,-0.5321730922023737,-0.2128211756586589
1444,0.03338641814594103,-0.12737919527249875
1445,-0.6156148398789157,0.4701530457093351
1446,-0.2428358197002418,-0.09513917228118858
1447,-0.021098083348538202,0.20070365331427847
1448,0.24133289996933235,-0.2849797498252725
1449,-0.5929794720653838,0.025204886225694945
1450,0.047502688173729005,-0.0736065980177533
1451,0.15143442509117927,0.07079398381367713
1452,-0.03487960960332013,0.4216957918078579
1453,0.2625065453303289,-0.10346617661355477
1454,-0.061871819820776115,-0.012334878386276851
1455,0.36213783997350635,0.2614693432495329
1456,-0.44545943940089033,-0.23806050124501693
1457,0.10300465903681419,-0.6214611080783313
1458,0.1675914284657914,0.20534389552323942
1459,-0.0803737199553549,0.030481588769988816
1460,-0.3644684883536508,-0.11739003734356306
1461,0.2432177050570971,0.4680922201616631
1462,0.3090411309753471,-0.1555069385563793
1463,0.8203846828420938,0.42334570702981095
1464,-0.06718855990372152,0.22512209253803558
1465,-0.2840869596226358,-0.03179875040497267
1466,0.28464341982891633,0.2768556397060517
1467,0.220780064783286,0.7456557748866798
1468,-0.5456220654870528,0.3254484481350818
1469,-0.19423000463323914,-0.21134721028496306
1470,-0.40513339091932343,0.3037710455544524
1471,-0.4018014300614399,-0.13008343980485157
1472,0.39302429210016104,-0.8161035891938712
1473,-0.10659267917207904,0.9295710857594839
1474,0.21927508946293717,0.5546388063887734
1475,0.1699601103243427,-0.3312777142487282
1476,-0.9106591137210517,-0.11375270334870305
1477,-0.16590823708466032,0.27806012041630074
1478,0.049867976438519125,0.19330225030560447
1479,-0.4359913822982176,-0.12318577677617457
1480,-0.3332160846806388,0.07850141642729985
1481,0.1862382375645346,0.0020868655098676336
1482,-0.5857365830197543,0.050911285221317076
1483,0.2819061406928947,0.6601518724605893
1484,0.0788392391510652,-0.13286776912972006
1485,-0.04232448784316119,-0.17020630761021713
1486,0.35739452791671644,0.27403915964501346
1487,0.14160366384502754,0.31012072238170546
1488,-0.2723083482777353,0.1555062286717117
1489,-0.04331683419694997,0.16173605175658914
1490,0.5618923424043173,0.08178925154401404
1491,0.24124255205968512,-0.25988284658107824
1492,0.24359356226965892,-0.12320645687074472
1493,-0.07551870464618886,0.7043015528598653
1494,0.3083616699884343,0.42140782688889594
1495,0.4620734911362443,0.7032980184448171
1496,0.21979467271828265,0.3419603098147125
1497,0.3096116332965496,0.14510432726699088
1498,0.5631164722892364,0.5937754652651638
1499,0.42114145687733584,0.13072205559760147
1500,0.3548093128606517,0.4515820182161663
1501,-0.26863091307934867,0.27321811949739216
1502,-0.31416623336354793,-0.07989358798884742
1503,-0.17504222153763732,-0.14691534419296348
1504,0.21788693222142783,0.33259299393539826
1505,0.17142888855871438,-0.257928145040279
1506,-0.03447972363223263,-0.36795841335212254
1507,0.6081227057606019,0.0252838594939237
1508,-0.36484965095408156,0.5029447340864319
1509,0.4260323110103924,0.24396898725415828
1510,0.40047101825831266,0.10030865352232833
1511,0.36566297859203695,-0.5515469319870404
1512,-0.32969624724340246,-0.6681018070323922
1513,0.6534218253192633,-0.572362745330679
1514,0.2935106510202653,-0.04891922634851941
1515,-0.2084151712381494,-0.048105398965617815
1516,-0.03614885620380423,0.3817421563806181
1517,-0.4115737074319949,0.2029602478116158
1518,0.06559817143122193,0.07957468569244631
1519,-0.10561106063340778,-0.355762373381326
1520,0.38119172525081885,-0.04260499914055796
1521,0.005267770227507507,0.06463440534175813
1522,0.9147701341887072,-0.24412132943308235
1523,0.32249386639928573,0.03638538937048278
1524,0.23628429367486875,-0.31413275918425465
1525,-0.1287682646070647,-0.516631287035492
1526,0.2523377067443024,-0.3351267953022083
1527,-0.2125419270426033,0.12944023427359
1528,0.47872596460174377,0.2666619128566165
1529,0.3819065949137826,-0.07000296201157381
1530,0.4417354454139729,0.4804233849952193
1531,-0.18037135210755026,-0.12977880715701645
1532,0.0765106522998385,-0.4643147117735438
1533,0.4585948878308278,0.01819847204365083
1534,0.3940341195393295,0.5607114280542924
1535,0.5132876980824504,-0.1555877781772606
1536,0.6214714611771074,-0.06093634027416062
1537,0.04030766213528546,0.7221761516202169
1538,0.25057848134992156,-0.24343408418065995
1539,-0.46970725104570754,0.47943557532247133
1540,-0.06819090936888936,0.21417478255210323
1541,0.3425935710511751,0.1740706522834324
1542,0.6867085169378508,-0.406536844949966
1543,0.4065605752851323,0.056636999951602075
1544,-0.5028245856120244,0.13523873008174364
1545,0.401836558473829,-0.14958506299429794
1546,0.4931530371551604,-0.17525165429202438
1547,-0.0030977516602942105,0.6693840849795402
1548,0.19309098981409964,0.3607582817380683
1549,0.28837464679714353,-0.2530893886090865
1550,0.5449280244343118,0.030783531182284274
1551,0.27004339712729003,-0.027662951570555285
1552,0.3821463443027271,0.5123159116096069
1553,-0.7223150013315273,-0.5190442237518085
1554,0.3433374088654221,0.33488809660095714
1555,0.09766616742132532,0.25190388191476026
1556,0.36509349622570775,0.35493488942734414
1557,1.2252579516751616,0.27145975987952403
1558,0.17471206221328697,0.6258701951968351
1559,0.39472334376254997,0.16929716920576485
1560,0.5478273838972793,0.14265427940927528
1561,0.19980416514130608,-0.029168287937736594
1562,0.2796579704190504,0.5632308815178007
1563,-0.16733298217520345,0.7741625964849466
1564,0.14308047777828345,0.3079078628258639
1565,0.20564698546319096,0.20052818122662341
1566,0.5929018275596574,0.4967509718159612
1567,0.39418756990442766,0.4019636359594156
1568,0.3132410628502509,0.28361298322519607
1569,0.1274623872022592,0.22950223176645543
1570,0.2623124625859901,0.6438573646602163
1571,0.31539128103108655,0.5844418834674814
1572,0.25595074604028595,0.1618643319460512
1573,0.3927761071709962,0.4247533580753693
1574,0.31414828467315953,0.20124898230424615
1575,0.07698373446062343,-0.48311176732339656
1576,0.24997642244280008,0.24375927924432425
1577,0.1977180470503222,0.5179335595261796
1578,0.06263366100568897,-0.1613098260254877
1579,-0.2202740195132686,0.728169284175969
1580,-0.2778271061230343,-0.4829462009609293
1581,0.6510906292280432,0.2977375687987614
1582,0.5036539270290881,-0.052819346247453845
1583,0.5140541581414984,0.1839532383282788
1584,0.5708577487805253,0.45661330643900677
1585,0.04187215564287614,0.31000711290731686
1586,0.4525229153309401,0.1881249238578468
1587,0.2035743679376993,0.3402798332321687
1588,0.3667784880218175,0.672559559772544
1589,0.48596097557541756,0.3790135509292217
1590,-0.12824526527946783,-0.3225149981870985
1591,0.5222918448393451,0.4466238185957994
1592,0.22508680814729676,0.3117700782651782
1593,-0.021425057269371012,-0.21975890238881216
1594,-0.046660057455496146,0.28122934471638295
1595,-0.4541534432885981,0.5989254825452617
1596,0.11326794127269613,0.08548456332883829
1597,0.6422920911649206,-0.5915177665150835
1598,0.2722624478150085,0.04356571250721784
1599,0.12129228558419192,-0.3284387933985571
1600,-0.4643534782416374,0.2977745902817702
1601,-0.010642451079000807,-0.05850978483399651
1602,0.6420469691403873,-0.10897981033881718
1603,0.040451322452254544,-0.28763177706387694
1604,0.14716922349290862,-0.07351544862924925
1605,-0.029249375129409696,0.46157860199748657
1606,0.4598016672357862,0.44513973098823933
1607,-0.6378627404388447,0.03083645550287445
1608,0.2923699560356133,0.20443817989288232
1609,0.12314780752244564,0.1436330667593759
1610,-0.12801960987029776,-0.21613385077939956
1611,-0.38807634545521086,-0.36162625149431127
1612,0.25220458831930853,-0.2503633780560127
1613,0.0899628714945269,-0.4694954210416116
1614,0.2980252099093134,-0.09488926002538765
1615,0.3658680893862208,0.1482732702254506
1616,0.3348460267057463,0.05491890553471269
1617,-0.07744195085467452,-0.5128884138884435
1618,0.19293261823592395,-0.22667124018562834
1619,-0.6454203733600922,0.5617818957672116
1620,-0.02888694899018345,0.40663713585882566
1621,-0.03606733108492589,-0.15001096771384795
1622,0.043137824769604614,0.0232980600106246
1623,-0.6862895287583748,0.38928129333900485
1624,0.3327334859610285,-0.27958721065222164
1625,-0.012355765592784005,-0.1799843775066841
1626,-0.2792586154812165,-0.052942311972065385
1627,0.27600232872850455,0.23640494333539913
1628,0.36576863454913966,0.1401305482291418
1629,0.25083627974483513,0.2729951313470485
1630,-0.5651034599369056,0.19636552836469862
1631,-0.2229708021619102,0.24828969325369396
1632,0.11155809172779507,0.4276993489146566
1633,-0.28504210289479975,-0.3144268187607526
1634,-0.23604909510830835,-0.22699873956761288
1635,-0.2399603762261245,0.08100785366286205
1636,0.2138428179043913,0.15831858026198717
1637,-0.19415638861405365,-0.2813102693197016
1638,0.31527107055813935,-0.2027207035326527
1639,0.25650596508451495,0.09535753921871962
1640,-0.32615769315145576,0.23693038344079875
1641,-0.15472949740688535,0.32907899587443123
1642,-0.049237582497445094,-0.07411291654727037
1643,0.09016336146858794,-0.23548785464624092
1644,0.37384757780238537,-0.15059999886751912
1645,-0.4018628623701756,-0.38739985815012634
1646,0.04576644153862756,0.2289842890157431
1647,0.48464092014355353,-0.20465004896932326
1648,0.3619169016208262,-0.06106829923332441
1649,0.20551078303333956,-0.6803657737200268
1650,-0.20167962260664785,-0.7974955477641651
1651,0.46343226455595815,-0.3458714573370285
1652,0.367003602497326,-0.4573360555092274
1653,0.22898733693326295,-0.8117403232901937
1654,-0.09604112577751305,-0.06769664225591546
1655,0.13983269193775388,0.22556707477821608
1656,0.3515666847894704,0.3749660179678599
1657,0.1976455080746446,-0.053984389898922035
1658,-0.4890680847911125,-0.34138188530392255
1659,-0.12751001349404548,-0.17113271973071245
1660,-0.14267586029579407,0.05578356853086733
1661,-0.5818808205338825,-0.06489240049268324
1662,0.26637471392831147,-0.03178480162521457
1663,-0.47816694082087724,-0.7315605697207335
1664,0.18083015642933473,0.09018508032135072
1665,-0.25733409700752036,0.16623747203557612
1666,-0.3623226022694405,0.2286109654036586
1667,-0.0342141923156454,0.25784005908476054
1668,0.092975977230103,-0.22186978270914584
1669,-0.048315297675556264,0.23663864106884244
1670,0.4011046311307466,-0.5321918764914091
1671,0.2753674080868513,-0.03538865423002705
1672,-0.10988434648412833,-0.3082151889453383
1673,0.32907693650373926,-0.22153320716271083
1674,0.35310550801253143,0.2914740906540204
1675,-0.0690428374238474,0.06626145693045062
1676,-0.5660806408677476,0.2391205805631729
1677,0.11871321776117288,-0.1419631877651932
1678,-0.05963941879924407,0.02680737265783668
1679,0.11511208745798847,0.5042039803768712
1680,0.0542162192092026,0.1985340658578692
1681,0.05551753380083626,0.07945329179992919
